,User ID,Skill,Training,Background,Recognized,Target,Correct
0,4g4XbueBXPakEKcHYSqqot76sGg1,Expert,Untrained,No-Music,1-3-2,1-3-2,True
1,4g4XbueBXPakEKcHYSqqot76sGg1,Expert,Untrained,No-Music,1-5-3,1-5-3,True
2,4g4XbueBXPakEKcHYSqqot76sGg1,Expert,Untrained,No-Music,1-3-5,1-3-5,True
3,4g4XbueBXPakEKcHYSqqot76sGg1,Expert,Untrained,No-Music,1-5-8,1-5-8,True
4,4g4XbueBXPakEKcHYSqqot76sGg1,Expert,Untrained,No-Music,1-2-3,1-2-3,True
5,4g4XbueBXPakEKcHYSqqot76sGg1,Expert,Untrained,No-Music,1-5-1,1-5-1,True
6,4g4XbueBXPakEKcHYSqqot76sGg1,Expert,Untrained,No-Music,1-5-3,1-5-3,True
7,4g4XbueBXPakEKcHYSqqot76sGg1,Expert,Untrained,No-Music,1-5-1,1-5-1,True
8,4g4XbueBXPakEKcHYSqqot76sGg1,Expert,Untrained,No-Music,1-2-3,1-4-1,False
9,4g4XbueBXPakEKcHYSqqot76sGg1,Expert,Untrained,No-Music,1-2-3,1-3-2,False
10,4g4XbueBXPakEKcHYSqqot76sGg1,Expert,Untrained,No-Music,1-4-1,1-3-5,False
11,4g4XbueBXPakEKcHYSqqot76sGg1,Expert,Untrained,No-Music,,1-2-3,False
12,4g4XbueBXPakEKcHYSqqot76sGg1,Expert,Untrained,No-Music,,1-5-8,False
13,4g4XbueBXPakEKcHYSqqot76sGg1,Expert,Untrained,No-Music,1-4-1,1-4-1,True
14,4g4XbueBXPakEKcHYSqqot76sGg1,Expert,Untrained,Music,1-5-8,1-5-8,True
15,4g4XbueBXPakEKcHYSqqot76sGg1,Expert,Untrained,Music,1-5-8,1-5-8,True
16,4g4XbueBXPakEKcHYSqqot76sGg1,Expert,Untrained,Music,1-3-2,1-3-2,True
17,4g4XbueBXPakEKcHYSqqot76sGg1,Expert,Untrained,Music,1-3-2,1-3-2,True
18,4g4XbueBXPakEKcHYSqqot76sGg1,Expert,Untrained,Music,1-5-1,1-5-1,True
19,4g4XbueBXPakEKcHYSqqot76sGg1,Expert,Untrained,Music,1-3-5,1-3-5,True
20,4g4XbueBXPakEKcHYSqqot76sGg1,Expert,Untrained,Music,1-5-3,1-5-3,True
21,4g4XbueBXPakEKcHYSqqot76sGg1,Expert,Untrained,Music,1-3-5,1-3-5,True
22,4g4XbueBXPakEKcHYSqqot76sGg1,Expert,Untrained,Music,1-2-3,1-2-3,True
23,4g4XbueBXPakEKcHYSqqot76sGg1,Expert,Untrained,Music,1-2-3,1-2-3,True
24,4g4XbueBXPakEKcHYSqqot76sGg1,Expert,Untrained,Music,1-4-1,1-4-1,True
25,4g4XbueBXPakEKcHYSqqot76sGg1,Expert,Untrained,Music,1-4-1,1-4-1,True
26,4g4XbueBXPakEKcHYSqqot76sGg1,Expert,Untrained,Music,1-5-1,1-5-1,True
27,4g4XbueBXPakEKcHYSqqot76sGg1,Expert,Untrained,Music,1-5-3,1-5-3,True
28,4g4XbueBXPakEKcHYSqqot76sGg1,Expert,Trained,No-Music,1-3-2,1-3-2,True
29,4g4XbueBXPakEKcHYSqqot76sGg1,Expert,Trained,No-Music,1-5-1,1-5-1,True
30,4g4XbueBXPakEKcHYSqqot76sGg1,Expert,Trained,No-Music,1-5-1,1-5-1,True
31,4g4XbueBXPakEKcHYSqqot76sGg1,Expert,Trained,No-Music,1-2-3,1-2-3,True
32,4g4XbueBXPakEKcHYSqqot76sGg1,Expert,Trained,No-Music,1-4-1,1-4-1,True
33,4g4XbueBXPakEKcHYSqqot76sGg1,Expert,Trained,No-Music,1-4-1,1-4-1,True
34,4g4XbueBXPakEKcHYSqqot76sGg1,Expert,Trained,No-Music,1-3-5,1-3-5,True
35,4g4XbueBXPakEKcHYSqqot76sGg1,Expert,Trained,No-Music,1-3-5,1-3-5,True
36,4g4XbueBXPakEKcHYSqqot76sGg1,Expert,Trained,No-Music,1-5-3,1-5-3,True
37,4g4XbueBXPakEKcHYSqqot76sGg1,Expert,Trained,No-Music,1-3-2,1-3-2,True
38,4g4XbueBXPakEKcHYSqqot76sGg1,Expert,Trained,No-Music,1-5-3,1-5-3,True
39,4g4XbueBXPakEKcHYSqqot76sGg1,Expert,Trained,No-Music,1-2-3,1-2-3,True
40,4g4XbueBXPakEKcHYSqqot76sGg1,Expert,Trained,No-Music,1-5-8,1-5-8,True
41,4g4XbueBXPakEKcHYSqqot76sGg1,Expert,Trained,No-Music,1-5-8,1-5-8,True
42,4g4XbueBXPakEKcHYSqqot76sGg1,Expert,Trained,Music,1-5-8,1-5-8,True
43,4g4XbueBXPakEKcHYSqqot76sGg1,Expert,Trained,Music,1-4-1,1-4-1,True
44,4g4XbueBXPakEKcHYSqqot76sGg1,Expert,Trained,Music,1-4-1,1-4-1,True
45,4g4XbueBXPakEKcHYSqqot76sGg1,Expert,Trained,Music,1-5-8,1-5-8,True
46,4g4XbueBXPakEKcHYSqqot76sGg1,Expert,Trained,Music,1-2-3,1-2-3,True
47,4g4XbueBXPakEKcHYSqqot76sGg1,Expert,Trained,Music,1-3-5,1-3-5,True
48,4g4XbueBXPakEKcHYSqqot76sGg1,Expert,Trained,Music,1-5-3,1-5-3,True
49,4g4XbueBXPakEKcHYSqqot76sGg1,Expert,Trained,Music,1-3-2,1-3-2,True
50,4g4XbueBXPakEKcHYSqqot76sGg1,Expert,Trained,Music,1-5-1,1-5-1,True
51,4g4XbueBXPakEKcHYSqqot76sGg1,Expert,Trained,Music,1-5-1,1-5-1,True
52,4g4XbueBXPakEKcHYSqqot76sGg1,Expert,Trained,Music,1-3-2,1-3-2,True
53,4g4XbueBXPakEKcHYSqqot76sGg1,Expert,Trained,Music,1-3-5,1-3-5,True
54,4g4XbueBXPakEKcHYSqqot76sGg1,Expert,Trained,Music,1-2-3,1-2-3,True
55,4g4XbueBXPakEKcHYSqqot76sGg1,Expert,Trained,Music,1-5-3,1-5-3,True
56,ND7YXptQpfcoYks37w3hh28VzIJ2,Expert,Untrained,No-Music,1-5-8,1-5-8,True
57,ND7YXptQpfcoYks37w3hh28VzIJ2,Expert,Untrained,No-Music,1-3-2,1-3-2,True
58,ND7YXptQpfcoYks37w3hh28VzIJ2,Expert,Untrained,No-Music,1-5-1,1-5-1,True
59,ND7YXptQpfcoYks37w3hh28VzIJ2,Expert,Untrained,No-Music,1-3-5,1-3-5,True
60,ND7YXptQpfcoYks37w3hh28VzIJ2,Expert,Untrained,No-Music,1-2-3,1-2-3,True
61,ND7YXptQpfcoYks37w3hh28VzIJ2,Expert,Untrained,No-Music,1-5-8,1-5-8,True
62,ND7YXptQpfcoYks37w3hh28VzIJ2,Expert,Untrained,No-Music,1-4-1,1-4-1,True
63,ND7YXptQpfcoYks37w3hh28VzIJ2,Expert,Untrained,No-Music,1-4-1,1-4-1,True
64,ND7YXptQpfcoYks37w3hh28VzIJ2,Expert,Untrained,No-Music,1-5-3,1-5-3,True
65,ND7YXptQpfcoYks37w3hh28VzIJ2,Expert,Untrained,No-Music,1-3-2,1-3-2,True
66,ND7YXptQpfcoYks37w3hh28VzIJ2,Expert,Untrained,No-Music,1-5-1,1-5-1,True
67,ND7YXptQpfcoYks37w3hh28VzIJ2,Expert,Untrained,No-Music,1-2-3,1-2-3,True
68,ND7YXptQpfcoYks37w3hh28VzIJ2,Expert,Untrained,No-Music,1-5-3,1-5-3,True
69,ND7YXptQpfcoYks37w3hh28VzIJ2,Expert,Untrained,No-Music,1-3-5,1-3-5,True
70,ND7YXptQpfcoYks37w3hh28VzIJ2,Expert,Untrained,Music,1-5-1,1-5-1,True
71,ND7YXptQpfcoYks37w3hh28VzIJ2,Expert,Untrained,Music,1-4-1,1-4-1,True
72,ND7YXptQpfcoYks37w3hh28VzIJ2,Expert,Untrained,Music,1-3-2,1-3-2,True
73,ND7YXptQpfcoYks37w3hh28VzIJ2,Expert,Untrained,Music,1-5-8,1-5-8,True
74,ND7YXptQpfcoYks37w3hh28VzIJ2,Expert,Untrained,Music,1-2-3,1-2-3,True
75,ND7YXptQpfcoYks37w3hh28VzIJ2,Expert,Untrained,Music,1-2-3,1-2-3,True
76,ND7YXptQpfcoYks37w3hh28VzIJ2,Expert,Untrained,Music,1-5-3,1-5-3,True
77,ND7YXptQpfcoYks37w3hh28VzIJ2,Expert,Untrained,Music,1-4-1,1-4-1,True
78,ND7YXptQpfcoYks37w3hh28VzIJ2,Expert,Untrained,Music,1-5-8,1-5-8,True
79,ND7YXptQpfcoYks37w3hh28VzIJ2,Expert,Untrained,Music,1-3-5,1-3-5,True
80,ND7YXptQpfcoYks37w3hh28VzIJ2,Expert,Untrained,Music,1-3-2,1-3-2,True
81,ND7YXptQpfcoYks37w3hh28VzIJ2,Expert,Untrained,Music,1-5-1,1-5-1,True
82,ND7YXptQpfcoYks37w3hh28VzIJ2,Expert,Untrained,Music,1-3-5,1-3-5,True
83,ND7YXptQpfcoYks37w3hh28VzIJ2,Expert,Trained,No-Music,1-3-2,1-3-2,True
84,ND7YXptQpfcoYks37w3hh28VzIJ2,Expert,Trained,No-Music,1-5-3,1-5-3,True
85,ND7YXptQpfcoYks37w3hh28VzIJ2,Expert,Trained,No-Music,1-3-5,1-3-5,True
86,ND7YXptQpfcoYks37w3hh28VzIJ2,Expert,Trained,No-Music,1-5-1,1-5-1,True
87,ND7YXptQpfcoYks37w3hh28VzIJ2,Expert,Trained,No-Music,1-3-5,1-3-5,True
88,ND7YXptQpfcoYks37w3hh28VzIJ2,Expert,Trained,No-Music,1-2-3,1-2-3,True
89,ND7YXptQpfcoYks37w3hh28VzIJ2,Expert,Trained,No-Music,1-5-1,1-5-1,True
90,ND7YXptQpfcoYks37w3hh28VzIJ2,Expert,Trained,No-Music,1-5-8,1-5-8,True
91,ND7YXptQpfcoYks37w3hh28VzIJ2,Expert,Trained,No-Music,1-4-1,1-4-1,True
92,ND7YXptQpfcoYks37w3hh28VzIJ2,Expert,Trained,No-Music,1-5-8,1-5-8,True
93,ND7YXptQpfcoYks37w3hh28VzIJ2,Expert,Trained,No-Music,1-5-3,1-5-3,True
94,ND7YXptQpfcoYks37w3hh28VzIJ2,Expert,Trained,No-Music,1-4-1,1-4-1,True
95,ND7YXptQpfcoYks37w3hh28VzIJ2,Expert,Trained,No-Music,1-2-3,1-2-3,True
96,ND7YXptQpfcoYks37w3hh28VzIJ2,Expert,Trained,No-Music,1-3-2,1-3-2,True
97,ND7YXptQpfcoYks37w3hh28VzIJ2,Expert,Trained,Music,1-2-3,1-2-3,True
98,ND7YXptQpfcoYks37w3hh28VzIJ2,Expert,Trained,Music,1-3-2,1-3-2,True
99,ND7YXptQpfcoYks37w3hh28VzIJ2,Expert,Trained,Music,1-3-2,1-3-2,True
100,ND7YXptQpfcoYks37w3hh28VzIJ2,Expert,Trained,Music,1-5-8,1-5-8,True
101,ND7YXptQpfcoYks37w3hh28VzIJ2,Expert,Trained,Music,1-2-3,1-2-3,True
102,ND7YXptQpfcoYks37w3hh28VzIJ2,Expert,Trained,Music,1-4-1,1-4-1,True
103,ND7YXptQpfcoYks37w3hh28VzIJ2,Expert,Trained,Music,1-3-5,1-3-5,True
104,ND7YXptQpfcoYks37w3hh28VzIJ2,Expert,Trained,Music,1-5-1,1-5-1,True
105,ND7YXptQpfcoYks37w3hh28VzIJ2,Expert,Trained,Music,1-5-3,1-5-3,True
106,ND7YXptQpfcoYks37w3hh28VzIJ2,Expert,Trained,Music,1-3-5,1-3-5,True
107,ND7YXptQpfcoYks37w3hh28VzIJ2,Expert,Trained,Music,1-5-8,1-5-8,True
108,ND7YXptQpfcoYks37w3hh28VzIJ2,Expert,Trained,Music,1-4-1,1-4-1,True
109,ND7YXptQpfcoYks37w3hh28VzIJ2,Expert,Trained,Music,1-5-1,1-5-1,True
110,ND7YXptQpfcoYks37w3hh28VzIJ2,Expert,Trained,Music,1-5-3,1-5-3,True
111,4skkbqCgsCUeDAYAwThCrw5UMRG2,Expert,Untrained,No-Music,1-5-3,1-5-3,True
112,4skkbqCgsCUeDAYAwThCrw5UMRG2,Expert,Untrained,No-Music,1-2-3,1-2-3,True
113,4skkbqCgsCUeDAYAwThCrw5UMRG2,Expert,Untrained,No-Music,1-4-1,1-4-1,True
114,4skkbqCgsCUeDAYAwThCrw5UMRG2,Expert,Untrained,No-Music,1-5-1,1-5-1,True
115,4skkbqCgsCUeDAYAwThCrw5UMRG2,Expert,Untrained,No-Music,1-3-2,1-3-2,True
116,4skkbqCgsCUeDAYAwThCrw5UMRG2,Expert,Untrained,No-Music,1-5-8,1-5-8,True
117,4skkbqCgsCUeDAYAwThCrw5UMRG2,Expert,Untrained,No-Music,1-5-1,1-5-1,True
118,4skkbqCgsCUeDAYAwThCrw5UMRG2,Expert,Untrained,No-Music,1-3-5,1-3-5,True
119,4skkbqCgsCUeDAYAwThCrw5UMRG2,Expert,Untrained,No-Music,1-2-3,1-2-3,True
120,4skkbqCgsCUeDAYAwThCrw5UMRG2,Expert,Untrained,No-Music,1-3-2,1-3-2,True
121,4skkbqCgsCUeDAYAwThCrw5UMRG2,Expert,Untrained,No-Music,1-5-8,1-5-8,True
122,4skkbqCgsCUeDAYAwThCrw5UMRG2,Expert,Untrained,No-Music,1-5-3,1-3-5,False
123,4skkbqCgsCUeDAYAwThCrw5UMRG2,Expert,Untrained,Music,1-5-1,1-5-1,True
124,4skkbqCgsCUeDAYAwThCrw5UMRG2,Expert,Untrained,Music,1-5-1,1-5-1,True
125,4skkbqCgsCUeDAYAwThCrw5UMRG2,Expert,Untrained,Music,1-3-5,1-3-5,True
126,4skkbqCgsCUeDAYAwThCrw5UMRG2,Expert,Untrained,Music,1-2-3,1-5-3,False
127,4skkbqCgsCUeDAYAwThCrw5UMRG2,Expert,Untrained,Music,1-3-2,1-3-2,True
128,4skkbqCgsCUeDAYAwThCrw5UMRG2,Expert,Untrained,Music,1-5-3,1-5-3,True
129,4skkbqCgsCUeDAYAwThCrw5UMRG2,Expert,Untrained,Music,1-2-3,1-2-3,True
130,4skkbqCgsCUeDAYAwThCrw5UMRG2,Expert,Untrained,Music,1-4-1,1-4-1,True
131,4skkbqCgsCUeDAYAwThCrw5UMRG2,Expert,Untrained,Music,1-5-8,1-5-8,True
132,4skkbqCgsCUeDAYAwThCrw5UMRG2,Expert,Untrained,Music,1-2-3,1-3-2,False
133,4skkbqCgsCUeDAYAwThCrw5UMRG2,Expert,Untrained,Music,1-5-3,1-4-1,False
134,4skkbqCgsCUeDAYAwThCrw5UMRG2,Expert,Untrained,Music,1-3-5,1-3-5,True
135,4skkbqCgsCUeDAYAwThCrw5UMRG2,Expert,Untrained,Music,1-5-8,1-5-8,True
136,4skkbqCgsCUeDAYAwThCrw5UMRG2,Expert,Untrained,Music,1-2-3,1-2-3,True
137,4skkbqCgsCUeDAYAwThCrw5UMRG2,Expert,Trained,No-Music,1-4-1,1-5-3,False
138,4skkbqCgsCUeDAYAwThCrw5UMRG2,Expert,Trained,No-Music,1-5-8,1-5-8,True
139,4skkbqCgsCUeDAYAwThCrw5UMRG2,Expert,Trained,No-Music,1-3-2,1-3-2,True
140,4skkbqCgsCUeDAYAwThCrw5UMRG2,Expert,Trained,No-Music,1-2-3,1-2-3,True
141,4skkbqCgsCUeDAYAwThCrw5UMRG2,Expert,Trained,No-Music,1-4-1,1-4-1,True
142,4skkbqCgsCUeDAYAwThCrw5UMRG2,Expert,Trained,No-Music,1-5-1,1-5-1,True
143,4skkbqCgsCUeDAYAwThCrw5UMRG2,Expert,Trained,No-Music,1-3-5,1-3-5,True
144,4skkbqCgsCUeDAYAwThCrw5UMRG2,Expert,Trained,No-Music,1-4-1,1-4-1,True
145,4skkbqCgsCUeDAYAwThCrw5UMRG2,Expert,Trained,No-Music,1-5-1,1-5-1,True
146,4skkbqCgsCUeDAYAwThCrw5UMRG2,Expert,Trained,No-Music,1-5-8,1-5-8,True
147,4skkbqCgsCUeDAYAwThCrw5UMRG2,Expert,Trained,No-Music,1-4-1,1-3-2,False
148,4skkbqCgsCUeDAYAwThCrw5UMRG2,Expert,Trained,No-Music,1-5-3,1-5-3,True
149,4skkbqCgsCUeDAYAwThCrw5UMRG2,Expert,Trained,No-Music,1-2-3,1-2-3,True
150,4skkbqCgsCUeDAYAwThCrw5UMRG2,Expert,Trained,No-Music,1-3-5,1-3-5,True
151,4skkbqCgsCUeDAYAwThCrw5UMRG2,Expert,Trained,Music,1-5-8,1-5-8,True
152,4skkbqCgsCUeDAYAwThCrw5UMRG2,Expert,Trained,Music,1-3-2,1-3-2,True
153,4skkbqCgsCUeDAYAwThCrw5UMRG2,Expert,Trained,Music,1-5-1,1-5-1,True
154,4skkbqCgsCUeDAYAwThCrw5UMRG2,Expert,Trained,Music,1-4-1,1-5-1,False
155,4skkbqCgsCUeDAYAwThCrw5UMRG2,Expert,Trained,Music,1-2-3,1-2-3,True
156,4skkbqCgsCUeDAYAwThCrw5UMRG2,Expert,Trained,Music,1-4-1,1-4-1,True
157,4skkbqCgsCUeDAYAwThCrw5UMRG2,Expert,Trained,Music,1-3-2,1-3-2,True
158,4skkbqCgsCUeDAYAwThCrw5UMRG2,Expert,Trained,Music,1-2-3,1-2-3,True
159,4skkbqCgsCUeDAYAwThCrw5UMRG2,Expert,Trained,Music,1-5-3,1-5-3,True
160,4skkbqCgsCUeDAYAwThCrw5UMRG2,Expert,Trained,Music,1-3-5,1-3-5,True
161,4skkbqCgsCUeDAYAwThCrw5UMRG2,Expert,Trained,Music,1-3-5,1-3-5,True
162,4skkbqCgsCUeDAYAwThCrw5UMRG2,Expert,Trained,Music,1-3-5,1-4-1,False
163,4skkbqCgsCUeDAYAwThCrw5UMRG2,Expert,Trained,Music,1-5-8,1-5-8,True
164,4skkbqCgsCUeDAYAwThCrw5UMRG2,Expert,Trained,Music,1-5-3,1-5-3,True
165,eDAQuX1FHxaGiWXOPiR3IVG3sZK2,Intermediate,Untrained,No-Music,1-5-3,1-5-3,True
166,eDAQuX1FHxaGiWXOPiR3IVG3sZK2,Intermediate,Untrained,No-Music,1-5-3,1-5-3,True
167,eDAQuX1FHxaGiWXOPiR3IVG3sZK2,Intermediate,Untrained,No-Music,1-3-5,1-3-5,True
168,eDAQuX1FHxaGiWXOPiR3IVG3sZK2,Intermediate,Untrained,No-Music,1-3-2,1-3-2,True
169,eDAQuX1FHxaGiWXOPiR3IVG3sZK2,Intermediate,Untrained,No-Music,1-5-8,1-5-8,True
170,eDAQuX1FHxaGiWXOPiR3IVG3sZK2,Intermediate,Untrained,No-Music,1-2-3,1-2-3,True
171,eDAQuX1FHxaGiWXOPiR3IVG3sZK2,Intermediate,Untrained,No-Music,1-2-3,1-2-3,True
172,eDAQuX1FHxaGiWXOPiR3IVG3sZK2,Intermediate,Untrained,No-Music,1-5-8,1-5-8,True
173,eDAQuX1FHxaGiWXOPiR3IVG3sZK2,Intermediate,Untrained,No-Music,1-5-1,1-5-1,True
174,eDAQuX1FHxaGiWXOPiR3IVG3sZK2,Intermediate,Untrained,No-Music,1-4-1,1-4-1,True
175,eDAQuX1FHxaGiWXOPiR3IVG3sZK2,Intermediate,Untrained,No-Music,1-3-5,1-3-5,True
176,eDAQuX1FHxaGiWXOPiR3IVG3sZK2,Intermediate,Untrained,No-Music,1-4-1,1-4-1,True
177,eDAQuX1FHxaGiWXOPiR3IVG3sZK2,Intermediate,Untrained,No-Music,1-5-1,1-5-1,True
178,eDAQuX1FHxaGiWXOPiR3IVG3sZK2,Intermediate,Untrained,No-Music,1-3-2,1-3-2,True
179,eDAQuX1FHxaGiWXOPiR3IVG3sZK2,Intermediate,Untrained,Music,1-5-3,1-5-3,True
180,eDAQuX1FHxaGiWXOPiR3IVG3sZK2,Intermediate,Untrained,Music,1-5-1,1-5-1,True
181,eDAQuX1FHxaGiWXOPiR3IVG3sZK2,Intermediate,Untrained,Music,1-2-3,1-2-3,True
182,eDAQuX1FHxaGiWXOPiR3IVG3sZK2,Intermediate,Untrained,Music,1-5-8,1-5-8,True
183,eDAQuX1FHxaGiWXOPiR3IVG3sZK2,Intermediate,Untrained,Music,1-3-2,1-3-2,True
184,eDAQuX1FHxaGiWXOPiR3IVG3sZK2,Intermediate,Untrained,Music,1-2-3,1-3-5,False
185,eDAQuX1FHxaGiWXOPiR3IVG3sZK2,Intermediate,Untrained,Music,1-4-1,1-4-1,True
186,eDAQuX1FHxaGiWXOPiR3IVG3sZK2,Intermediate,Untrained,Music,,1-2-3,False
187,eDAQuX1FHxaGiWXOPiR3IVG3sZK2,Intermediate,Untrained,Music,1-4-1,1-5-3,False
188,eDAQuX1FHxaGiWXOPiR3IVG3sZK2,Intermediate,Untrained,Music,1-4-1,1-5-8,False
189,eDAQuX1FHxaGiWXOPiR3IVG3sZK2,Intermediate,Untrained,Music,1-3-5,1-3-5,True
190,eDAQuX1FHxaGiWXOPiR3IVG3sZK2,Intermediate,Untrained,Music,1-5-1,1-5-1,True
191,eDAQuX1FHxaGiWXOPiR3IVG3sZK2,Intermediate,Untrained,Music,1-3-2,1-3-2,True
192,eDAQuX1FHxaGiWXOPiR3IVG3sZK2,Intermediate,Untrained,Music,1-4-1,1-4-1,True
193,eDAQuX1FHxaGiWXOPiR3IVG3sZK2,Intermediate,Trained,No-Music,1-2-3,1-2-3,True
194,eDAQuX1FHxaGiWXOPiR3IVG3sZK2,Intermediate,Trained,No-Music,1-4-1,1-4-1,True
195,eDAQuX1FHxaGiWXOPiR3IVG3sZK2,Intermediate,Trained,No-Music,1-2-3,1-2-3,True
196,eDAQuX1FHxaGiWXOPiR3IVG3sZK2,Intermediate,Trained,No-Music,1-5-8,1-5-8,True
197,eDAQuX1FHxaGiWXOPiR3IVG3sZK2,Intermediate,Trained,No-Music,1-5-3,1-5-3,True
198,eDAQuX1FHxaGiWXOPiR3IVG3sZK2,Intermediate,Trained,No-Music,1-2-3,1-3-5,False
199,eDAQuX1FHxaGiWXOPiR3IVG3sZK2,Intermediate,Trained,No-Music,1-5-3,1-5-3,True
200,eDAQuX1FHxaGiWXOPiR3IVG3sZK2,Intermediate,Trained,No-Music,1-5-1,1-5-1,True
201,eDAQuX1FHxaGiWXOPiR3IVG3sZK2,Intermediate,Trained,No-Music,1-3-2,1-3-2,True
202,eDAQuX1FHxaGiWXOPiR3IVG3sZK2,Intermediate,Trained,No-Music,1-5-3,1-4-1,False
203,eDAQuX1FHxaGiWXOPiR3IVG3sZK2,Intermediate,Trained,No-Music,1-4-1,1-5-8,False
204,eDAQuX1FHxaGiWXOPiR3IVG3sZK2,Intermediate,Trained,No-Music,1-3-5,1-3-5,True
205,eDAQuX1FHxaGiWXOPiR3IVG3sZK2,Intermediate,Trained,No-Music,1-5-1,1-5-1,True
206,eDAQuX1FHxaGiWXOPiR3IVG3sZK2,Intermediate,Trained,No-Music,1-3-2,1-3-2,True
207,eDAQuX1FHxaGiWXOPiR3IVG3sZK2,Intermediate,Trained,Music,,1-5-3,False
208,eDAQuX1FHxaGiWXOPiR3IVG3sZK2,Intermediate,Trained,Music,1-3-2,1-3-2,True
209,eDAQuX1FHxaGiWXOPiR3IVG3sZK2,Intermediate,Trained,Music,1-5-1,1-5-1,True
210,eDAQuX1FHxaGiWXOPiR3IVG3sZK2,Intermediate,Trained,Music,1-5-3,1-5-3,True
211,eDAQuX1FHxaGiWXOPiR3IVG3sZK2,Intermediate,Trained,Music,1-5-8,1-5-8,True
212,eDAQuX1FHxaGiWXOPiR3IVG3sZK2,Intermediate,Trained,Music,1-2-3,1-2-3,True
213,eDAQuX1FHxaGiWXOPiR3IVG3sZK2,Intermediate,Trained,Music,1-2-3,1-2-3,True
214,eDAQuX1FHxaGiWXOPiR3IVG3sZK2,Intermediate,Trained,Music,1-5-8,1-5-8,True
215,eDAQuX1FHxaGiWXOPiR3IVG3sZK2,Intermediate,Trained,Music,1-5-1,1-5-1,True
216,eDAQuX1FHxaGiWXOPiR3IVG3sZK2,Intermediate,Trained,Music,1-3-2,1-3-2,True
217,eDAQuX1FHxaGiWXOPiR3IVG3sZK2,Intermediate,Trained,Music,1-4-1,1-4-1,True
218,eDAQuX1FHxaGiWXOPiR3IVG3sZK2,Intermediate,Trained,Music,1-4-1,1-4-1,True
219,eDAQuX1FHxaGiWXOPiR3IVG3sZK2,Intermediate,Trained,Music,1-3-5,1-3-5,True
220,eDAQuX1FHxaGiWXOPiR3IVG3sZK2,Intermediate,Trained,Music,1-3-5,1-3-5,True
221,ttJ0IFZj6ofNkXKH9LRAjBxI3M53,Expert,Untrained,No-Music,1-3-2,1-3-2,True
222,ttJ0IFZj6ofNkXKH9LRAjBxI3M53,Expert,Untrained,No-Music,1-5-3,1-5-3,True
223,ttJ0IFZj6ofNkXKH9LRAjBxI3M53,Expert,Untrained,No-Music,1-3-5,1-3-5,True
224,ttJ0IFZj6ofNkXKH9LRAjBxI3M53,Expert,Untrained,No-Music,1-4-1,1-4-1,True
225,ttJ0IFZj6ofNkXKH9LRAjBxI3M53,Expert,Untrained,No-Music,1-5-8,1-5-8,True
226,ttJ0IFZj6ofNkXKH9LRAjBxI3M53,Expert,Untrained,No-Music,1-5-8,1-5-8,True
227,ttJ0IFZj6ofNkXKH9LRAjBxI3M53,Expert,Untrained,No-Music,1-3-2,1-3-2,True
228,ttJ0IFZj6ofNkXKH9LRAjBxI3M53,Expert,Untrained,No-Music,1-5-3,1-5-3,True
229,ttJ0IFZj6ofNkXKH9LRAjBxI3M53,Expert,Untrained,No-Music,1-5-1,1-5-1,True
230,ttJ0IFZj6ofNkXKH9LRAjBxI3M53,Expert,Untrained,No-Music,1-5-1,1-5-1,True
231,ttJ0IFZj6ofNkXKH9LRAjBxI3M53,Expert,Untrained,No-Music,1-2-3,1-2-3,True
232,ttJ0IFZj6ofNkXKH9LRAjBxI3M53,Expert,Untrained,No-Music,1-2-3,1-2-3,True
233,ttJ0IFZj6ofNkXKH9LRAjBxI3M53,Expert,Untrained,No-Music,1-4-1,1-4-1,True
234,ttJ0IFZj6ofNkXKH9LRAjBxI3M53,Expert,Untrained,Music,1-2-3,1-2-3,True
235,ttJ0IFZj6ofNkXKH9LRAjBxI3M53,Expert,Untrained,Music,1-5-1,1-5-1,True
236,ttJ0IFZj6ofNkXKH9LRAjBxI3M53,Expert,Untrained,Music,1-5-8,1-5-8,True
237,ttJ0IFZj6ofNkXKH9LRAjBxI3M53,Expert,Untrained,Music,1-3-5,1-3-5,True
238,ttJ0IFZj6ofNkXKH9LRAjBxI3M53,Expert,Untrained,Music,1-4-1,1-4-1,True
239,ttJ0IFZj6ofNkXKH9LRAjBxI3M53,Expert,Untrained,Music,1-3-2,1-3-2,True
240,ttJ0IFZj6ofNkXKH9LRAjBxI3M53,Expert,Untrained,Music,1-5-1,1-5-1,True
241,ttJ0IFZj6ofNkXKH9LRAjBxI3M53,Expert,Untrained,Music,1-3-5,1-3-5,True
242,ttJ0IFZj6ofNkXKH9LRAjBxI3M53,Expert,Untrained,Music,1-5-3,1-5-3,True
243,ttJ0IFZj6ofNkXKH9LRAjBxI3M53,Expert,Untrained,Music,1-5-3,1-5-3,True
244,ttJ0IFZj6ofNkXKH9LRAjBxI3M53,Expert,Untrained,Music,1-4-1,1-4-1,True
245,ttJ0IFZj6ofNkXKH9LRAjBxI3M53,Expert,Untrained,Music,1-5-8,1-5-8,True
246,ttJ0IFZj6ofNkXKH9LRAjBxI3M53,Expert,Untrained,Music,1-3-2,1-3-2,True
247,ttJ0IFZj6ofNkXKH9LRAjBxI3M53,Expert,Untrained,Music,1-2-3,1-2-3,True
248,ttJ0IFZj6ofNkXKH9LRAjBxI3M53,Expert,Trained,No-Music,1-3-2,1-3-2,True
249,ttJ0IFZj6ofNkXKH9LRAjBxI3M53,Expert,Trained,No-Music,1-5-3,1-5-3,True
250,ttJ0IFZj6ofNkXKH9LRAjBxI3M53,Expert,Trained,No-Music,1-5-8,1-5-8,True
251,ttJ0IFZj6ofNkXKH9LRAjBxI3M53,Expert,Trained,No-Music,1-5-1,1-5-1,True
252,ttJ0IFZj6ofNkXKH9LRAjBxI3M53,Expert,Trained,No-Music,1-5-3,1-3-5,False
253,ttJ0IFZj6ofNkXKH9LRAjBxI3M53,Expert,Trained,No-Music,1-4-1,1-4-1,True
254,ttJ0IFZj6ofNkXKH9LRAjBxI3M53,Expert,Trained,No-Music,1-5-8,1-5-8,True
255,ttJ0IFZj6ofNkXKH9LRAjBxI3M53,Expert,Trained,No-Music,1-3-2,1-3-2,True
256,ttJ0IFZj6ofNkXKH9LRAjBxI3M53,Expert,Trained,No-Music,1-3-5,1-3-5,True
257,ttJ0IFZj6ofNkXKH9LRAjBxI3M53,Expert,Trained,No-Music,1-2-3,1-2-3,True
258,ttJ0IFZj6ofNkXKH9LRAjBxI3M53,Expert,Trained,No-Music,1-5-1,1-5-1,True
259,ttJ0IFZj6ofNkXKH9LRAjBxI3M53,Expert,Trained,No-Music,1-5-3,1-5-3,True
260,ttJ0IFZj6ofNkXKH9LRAjBxI3M53,Expert,Trained,No-Music,1-4-1,1-4-1,True
261,ttJ0IFZj6ofNkXKH9LRAjBxI3M53,Expert,Trained,No-Music,1-2-3,1-2-3,True
262,ttJ0IFZj6ofNkXKH9LRAjBxI3M53,Expert,Trained,Music,1-2-3,1-2-3,True
263,ttJ0IFZj6ofNkXKH9LRAjBxI3M53,Expert,Trained,Music,1-5-8,1-5-8,True
264,ttJ0IFZj6ofNkXKH9LRAjBxI3M53,Expert,Trained,Music,1-3-2,1-3-2,True
265,ttJ0IFZj6ofNkXKH9LRAjBxI3M53,Expert,Trained,Music,1-3-5,1-3-5,True
266,ttJ0IFZj6ofNkXKH9LRAjBxI3M53,Expert,Trained,Music,1-3-2,1-3-2,True
267,ttJ0IFZj6ofNkXKH9LRAjBxI3M53,Expert,Trained,Music,1-2-3,1-2-3,True
268,ttJ0IFZj6ofNkXKH9LRAjBxI3M53,Expert,Trained,Music,1-5-1,1-5-1,True
269,ttJ0IFZj6ofNkXKH9LRAjBxI3M53,Expert,Trained,Music,1-5-3,1-5-3,True
270,ttJ0IFZj6ofNkXKH9LRAjBxI3M53,Expert,Trained,Music,1-5-3,1-5-3,True
271,ttJ0IFZj6ofNkXKH9LRAjBxI3M53,Expert,Trained,Music,1-4-1,1-4-1,True
272,ttJ0IFZj6ofNkXKH9LRAjBxI3M53,Expert,Trained,Music,1-5-1,1-5-1,True
273,ttJ0IFZj6ofNkXKH9LRAjBxI3M53,Expert,Trained,Music,1-3-5,1-3-5,True
274,ttJ0IFZj6ofNkXKH9LRAjBxI3M53,Expert,Trained,Music,1-5-8,1-5-8,True
275,ttJ0IFZj6ofNkXKH9LRAjBxI3M53,Expert,Trained,Music,1-4-1,1-4-1,True
276,iBaEkIBcrjVxmQYt2ynpOaMNNJi2,Expert,Untrained,No-Music,1-5-8,1-5-8,True
277,iBaEkIBcrjVxmQYt2ynpOaMNNJi2,Expert,Untrained,No-Music,1-4-1,1-4-1,True
278,iBaEkIBcrjVxmQYt2ynpOaMNNJi2,Expert,Untrained,No-Music,1-3-2,1-3-2,True
279,iBaEkIBcrjVxmQYt2ynpOaMNNJi2,Expert,Untrained,No-Music,1-2-3,1-2-3,True
280,iBaEkIBcrjVxmQYt2ynpOaMNNJi2,Expert,Untrained,No-Music,1-5-3,1-5-3,True
281,iBaEkIBcrjVxmQYt2ynpOaMNNJi2,Expert,Untrained,No-Music,1-3-2,1-3-2,True
282,iBaEkIBcrjVxmQYt2ynpOaMNNJi2,Expert,Untrained,No-Music,1-5-3,1-5-3,True
283,iBaEkIBcrjVxmQYt2ynpOaMNNJi2,Expert,Untrained,No-Music,1-2-3,1-2-3,True
284,iBaEkIBcrjVxmQYt2ynpOaMNNJi2,Expert,Untrained,No-Music,1-5-8,1-5-8,True
285,iBaEkIBcrjVxmQYt2ynpOaMNNJi2,Expert,Untrained,No-Music,1-3-5,1-3-5,True
286,iBaEkIBcrjVxmQYt2ynpOaMNNJi2,Expert,Untrained,No-Music,1-3-5,1-3-5,True
287,iBaEkIBcrjVxmQYt2ynpOaMNNJi2,Expert,Untrained,No-Music,1-5-1,1-5-1,True
288,iBaEkIBcrjVxmQYt2ynpOaMNNJi2,Expert,Untrained,No-Music,1-5-1,1-5-1,True
289,iBaEkIBcrjVxmQYt2ynpOaMNNJi2,Expert,Untrained,Music,1-5-8,1-5-8,True
290,iBaEkIBcrjVxmQYt2ynpOaMNNJi2,Expert,Untrained,Music,1-3-5,1-3-5,True
291,iBaEkIBcrjVxmQYt2ynpOaMNNJi2,Expert,Untrained,Music,1-5-1,1-5-1,True
292,iBaEkIBcrjVxmQYt2ynpOaMNNJi2,Expert,Untrained,Music,1-5-1,1-5-1,True
293,iBaEkIBcrjVxmQYt2ynpOaMNNJi2,Expert,Untrained,Music,1-3-2,1-3-2,True
294,iBaEkIBcrjVxmQYt2ynpOaMNNJi2,Expert,Untrained,Music,1-2-3,1-2-3,True
295,iBaEkIBcrjVxmQYt2ynpOaMNNJi2,Expert,Untrained,Music,1-5-3,1-5-3,True
296,iBaEkIBcrjVxmQYt2ynpOaMNNJi2,Expert,Untrained,Music,1-3-5,1-3-5,True
297,iBaEkIBcrjVxmQYt2ynpOaMNNJi2,Expert,Untrained,Music,1-5-3,1-5-3,True
298,iBaEkIBcrjVxmQYt2ynpOaMNNJi2,Expert,Untrained,Music,1-4-1,1-4-1,True
299,iBaEkIBcrjVxmQYt2ynpOaMNNJi2,Expert,Untrained,Music,1-2-3,1-2-3,True
300,iBaEkIBcrjVxmQYt2ynpOaMNNJi2,Expert,Untrained,Music,1-3-2,1-3-2,True
301,iBaEkIBcrjVxmQYt2ynpOaMNNJi2,Expert,Untrained,Music,1-5-8,1-5-8,True
302,iBaEkIBcrjVxmQYt2ynpOaMNNJi2,Expert,Untrained,Music,1-4-1,1-4-1,True
303,iBaEkIBcrjVxmQYt2ynpOaMNNJi2,Expert,Trained,No-Music,1-5-3,1-5-3,True
304,iBaEkIBcrjVxmQYt2ynpOaMNNJi2,Expert,Trained,No-Music,1-3-5,1-3-5,True
305,iBaEkIBcrjVxmQYt2ynpOaMNNJi2,Expert,Trained,No-Music,1-5-1,1-5-1,True
306,iBaEkIBcrjVxmQYt2ynpOaMNNJi2,Expert,Trained,No-Music,1-3-5,1-3-5,True
307,iBaEkIBcrjVxmQYt2ynpOaMNNJi2,Expert,Trained,No-Music,1-5-8,1-5-8,True
308,iBaEkIBcrjVxmQYt2ynpOaMNNJi2,Expert,Trained,No-Music,1-5-3,1-3-2,False
309,iBaEkIBcrjVxmQYt2ynpOaMNNJi2,Expert,Trained,No-Music,1-3-2,1-3-2,True
310,iBaEkIBcrjVxmQYt2ynpOaMNNJi2,Expert,Trained,No-Music,1-2-3,1-2-3,True
311,iBaEkIBcrjVxmQYt2ynpOaMNNJi2,Expert,Trained,No-Music,1-2-3,1-2-3,True
312,iBaEkIBcrjVxmQYt2ynpOaMNNJi2,Expert,Trained,No-Music,1-4-1,1-4-1,True
313,iBaEkIBcrjVxmQYt2ynpOaMNNJi2,Expert,Trained,No-Music,1-4-1,1-4-1,True
314,iBaEkIBcrjVxmQYt2ynpOaMNNJi2,Expert,Trained,No-Music,1-5-1,1-5-1,True
315,iBaEkIBcrjVxmQYt2ynpOaMNNJi2,Expert,Trained,No-Music,1-5-3,1-5-3,True
316,iBaEkIBcrjVxmQYt2ynpOaMNNJi2,Expert,Trained,No-Music,1-5-8,1-5-8,True
317,iBaEkIBcrjVxmQYt2ynpOaMNNJi2,Expert,Trained,Music,1-3-5,1-3-5,True
318,iBaEkIBcrjVxmQYt2ynpOaMNNJi2,Expert,Trained,Music,1-5-8,1-5-8,True
319,iBaEkIBcrjVxmQYt2ynpOaMNNJi2,Expert,Trained,Music,1-2-3,1-2-3,True
320,iBaEkIBcrjVxmQYt2ynpOaMNNJi2,Expert,Trained,Music,1-5-1,1-5-1,True
321,iBaEkIBcrjVxmQYt2ynpOaMNNJi2,Expert,Trained,Music,1-4-1,1-4-1,True
322,iBaEkIBcrjVxmQYt2ynpOaMNNJi2,Expert,Trained,Music,1-3-5,1-3-5,True
323,iBaEkIBcrjVxmQYt2ynpOaMNNJi2,Expert,Trained,Music,1-2-3,1-2-3,True
324,iBaEkIBcrjVxmQYt2ynpOaMNNJi2,Expert,Trained,Music,1-3-2,1-3-2,True
325,iBaEkIBcrjVxmQYt2ynpOaMNNJi2,Expert,Trained,Music,1-3-2,1-3-2,True
326,iBaEkIBcrjVxmQYt2ynpOaMNNJi2,Expert,Trained,Music,1-5-1,1-5-1,True
327,iBaEkIBcrjVxmQYt2ynpOaMNNJi2,Expert,Trained,Music,1-5-3,1-5-3,True
328,iBaEkIBcrjVxmQYt2ynpOaMNNJi2,Expert,Trained,Music,1-4-1,1-4-1,True
329,iBaEkIBcrjVxmQYt2ynpOaMNNJi2,Expert,Trained,Music,1-5-3,1-5-3,True
330,iBaEkIBcrjVxmQYt2ynpOaMNNJi2,Expert,Trained,Music,1-5-8,1-5-8,True
331,CwOYmTC4P7QRzjbBXgVwRf11ccL2,Novice,Untrained,No-Music,1-2-3,1-5-1,False
332,CwOYmTC4P7QRzjbBXgVwRf11ccL2,Novice,Untrained,No-Music,1-5-8,1-5-8,True
333,CwOYmTC4P7QRzjbBXgVwRf11ccL2,Novice,Untrained,No-Music,1-5-3,1-5-3,True
334,CwOYmTC4P7QRzjbBXgVwRf11ccL2,Novice,Untrained,No-Music,1-5-3,1-5-3,True
335,CwOYmTC4P7QRzjbBXgVwRf11ccL2,Novice,Untrained,No-Music,1-2-3,1-2-3,True
336,CwOYmTC4P7QRzjbBXgVwRf11ccL2,Novice,Untrained,No-Music,1-4-1,1-4-1,True
337,CwOYmTC4P7QRzjbBXgVwRf11ccL2,Novice,Untrained,No-Music,1-3-5,1-3-5,True
338,CwOYmTC4P7QRzjbBXgVwRf11ccL2,Novice,Untrained,No-Music,1-5-8,1-5-8,True
339,CwOYmTC4P7QRzjbBXgVwRf11ccL2,Novice,Untrained,No-Music,1-3-5,1-3-5,True
340,CwOYmTC4P7QRzjbBXgVwRf11ccL2,Novice,Untrained,No-Music,1-2-3,1-3-2,False
341,CwOYmTC4P7QRzjbBXgVwRf11ccL2,Novice,Untrained,No-Music,1-2-3,1-3-2,False
342,CwOYmTC4P7QRzjbBXgVwRf11ccL2,Novice,Untrained,No-Music,1-3-5,1-4-1,False
343,CwOYmTC4P7QRzjbBXgVwRf11ccL2,Novice,Untrained,No-Music,1-3-2,1-2-3,False
344,CwOYmTC4P7QRzjbBXgVwRf11ccL2,Novice,Untrained,No-Music,1-4-1,1-5-1,False
345,CwOYmTC4P7QRzjbBXgVwRf11ccL2,Novice,Untrained,Music,1-3-5,1-5-3,False
346,CwOYmTC4P7QRzjbBXgVwRf11ccL2,Novice,Untrained,Music,1-5-8,1-5-8,True
347,CwOYmTC4P7QRzjbBXgVwRf11ccL2,Novice,Untrained,Music,1-3-5,1-5-1,False
348,CwOYmTC4P7QRzjbBXgVwRf11ccL2,Novice,Untrained,Music,1-2-3,1-2-3,True
349,CwOYmTC4P7QRzjbBXgVwRf11ccL2,Novice,Untrained,Music,1-2-3,1-5-3,False
350,CwOYmTC4P7QRzjbBXgVwRf11ccL2,Novice,Untrained,Music,1-2-3,1-2-3,True
351,CwOYmTC4P7QRzjbBXgVwRf11ccL2,Novice,Untrained,Music,1-3-5,1-3-5,True
352,CwOYmTC4P7QRzjbBXgVwRf11ccL2,Novice,Untrained,Music,1-5-8,1-5-8,True
353,CwOYmTC4P7QRzjbBXgVwRf11ccL2,Novice,Untrained,Music,1-2-3,1-3-2,False
354,CwOYmTC4P7QRzjbBXgVwRf11ccL2,Novice,Untrained,Music,1-3-5,1-5-1,False
355,CwOYmTC4P7QRzjbBXgVwRf11ccL2,Novice,Untrained,Music,1-2-3,1-3-2,False
356,CwOYmTC4P7QRzjbBXgVwRf11ccL2,Novice,Untrained,Music,1-3-5,1-3-5,True
357,CwOYmTC4P7QRzjbBXgVwRf11ccL2,Novice,Untrained,Music,1-2-3,1-4-1,False
358,CwOYmTC4P7QRzjbBXgVwRf11ccL2,Novice,Untrained,Music,1-2-3,1-4-1,False
359,CwOYmTC4P7QRzjbBXgVwRf11ccL2,Novice,Trained,No-Music,1-3-5,1-3-5,True
360,CwOYmTC4P7QRzjbBXgVwRf11ccL2,Novice,Trained,No-Music,1-2-3,1-2-3,True
361,CwOYmTC4P7QRzjbBXgVwRf11ccL2,Novice,Trained,No-Music,1-5-8,1-5-8,True
362,CwOYmTC4P7QRzjbBXgVwRf11ccL2,Novice,Trained,No-Music,1-5-8,1-5-1,False
363,CwOYmTC4P7QRzjbBXgVwRf11ccL2,Novice,Trained,No-Music,1-2-3,1-2-3,True
364,CwOYmTC4P7QRzjbBXgVwRf11ccL2,Novice,Trained,No-Music,1-2-3,1-3-2,False
365,CwOYmTC4P7QRzjbBXgVwRf11ccL2,Novice,Trained,No-Music,1-4-1,1-5-3,False
366,CwOYmTC4P7QRzjbBXgVwRf11ccL2,Novice,Trained,No-Music,1-5-8,1-5-3,False
367,CwOYmTC4P7QRzjbBXgVwRf11ccL2,Novice,Trained,No-Music,1-4-1,1-5-1,False
368,CwOYmTC4P7QRzjbBXgVwRf11ccL2,Novice,Trained,No-Music,1-3-5,1-3-5,True
369,CwOYmTC4P7QRzjbBXgVwRf11ccL2,Novice,Trained,No-Music,,1-3-2,False
370,CwOYmTC4P7QRzjbBXgVwRf11ccL2,Novice,Trained,No-Music,1-4-1,1-4-1,True
371,CwOYmTC4P7QRzjbBXgVwRf11ccL2,Novice,Trained,No-Music,1-3-2,1-4-1,False
372,CwOYmTC4P7QRzjbBXgVwRf11ccL2,Novice,Trained,No-Music,1-5-8,1-5-8,True
373,CwOYmTC4P7QRzjbBXgVwRf11ccL2,Novice,Trained,Music,1-4-1,1-3-2,False
374,CwOYmTC4P7QRzjbBXgVwRf11ccL2,Novice,Trained,Music,1-3-2,1-3-2,True
375,CwOYmTC4P7QRzjbBXgVwRf11ccL2,Novice,Trained,Music,1-4-1,1-5-8,False
376,CwOYmTC4P7QRzjbBXgVwRf11ccL2,Novice,Trained,Music,1-3-5,1-5-3,False
377,CwOYmTC4P7QRzjbBXgVwRf11ccL2,Novice,Trained,Music,1-4-1,1-5-1,False
378,CwOYmTC4P7QRzjbBXgVwRf11ccL2,Novice,Trained,Music,1-4-1,1-4-1,True
379,CwOYmTC4P7QRzjbBXgVwRf11ccL2,Novice,Trained,Music,1-3-5,1-5-3,False
380,CwOYmTC4P7QRzjbBXgVwRf11ccL2,Novice,Trained,Music,1-3-2,1-3-5,False
381,CwOYmTC4P7QRzjbBXgVwRf11ccL2,Novice,Trained,Music,1-5-8,1-5-8,True
382,CwOYmTC4P7QRzjbBXgVwRf11ccL2,Novice,Trained,Music,1-3-5,1-3-5,True
383,CwOYmTC4P7QRzjbBXgVwRf11ccL2,Novice,Trained,Music,1-2-3,1-2-3,True
384,CwOYmTC4P7QRzjbBXgVwRf11ccL2,Novice,Trained,Music,1-2-3,1-2-3,True
385,CwOYmTC4P7QRzjbBXgVwRf11ccL2,Novice,Trained,Music,1-5-8,1-5-1,False
386,CwOYmTC4P7QRzjbBXgVwRf11ccL2,Novice,Trained,Music,1-3-2,1-4-1,False
387,Jb1TNhPukqh2nEWGQvpAF4R5uQt2,Novice,Untrained,No-Music,1-4-1,1-4-1,True
388,Jb1TNhPukqh2nEWGQvpAF4R5uQt2,Novice,Untrained,No-Music,1-5-8,1-5-8,True
389,Jb1TNhPukqh2nEWGQvpAF4R5uQt2,Novice,Untrained,No-Music,1-5-1,1-5-1,True
390,Jb1TNhPukqh2nEWGQvpAF4R5uQt2,Novice,Untrained,No-Music,1-2-3,1-2-3,True
391,Jb1TNhPukqh2nEWGQvpAF4R5uQt2,Novice,Untrained,No-Music,1-3-2,1-3-2,True
392,Jb1TNhPukqh2nEWGQvpAF4R5uQt2,Novice,Untrained,No-Music,1-4-1,1-5-8,False
393,Jb1TNhPukqh2nEWGQvpAF4R5uQt2,Novice,Untrained,No-Music,,1-4-1,False
394,Jb1TNhPukqh2nEWGQvpAF4R5uQt2,Novice,Untrained,No-Music,1-5-1,1-5-3,False
395,Jb1TNhPukqh2nEWGQvpAF4R5uQt2,Novice,Untrained,No-Music,1-4-1,1-5-1,False
396,Jb1TNhPukqh2nEWGQvpAF4R5uQt2,Novice,Untrained,No-Music,,1-3-2,False
397,Jb1TNhPukqh2nEWGQvpAF4R5uQt2,Novice,Untrained,No-Music,,1-2-3,False
398,Jb1TNhPukqh2nEWGQvpAF4R5uQt2,Novice,Untrained,No-Music,,1-3-5,False
399,Jb1TNhPukqh2nEWGQvpAF4R5uQt2,Novice,Untrained,No-Music,,1-5-3,False
400,Jb1TNhPukqh2nEWGQvpAF4R5uQt2,Novice,Untrained,No-Music,1-5-8,1-3-5,False
401,Jb1TNhPukqh2nEWGQvpAF4R5uQt2,Novice,Untrained,Music,1-2-3,1-2-3,True
402,Jb1TNhPukqh2nEWGQvpAF4R5uQt2,Novice,Untrained,Music,1-5-1,1-5-1,True
403,Jb1TNhPukqh2nEWGQvpAF4R5uQt2,Novice,Untrained,Music,1-2-3,1-3-2,False
404,Jb1TNhPukqh2nEWGQvpAF4R5uQt2,Novice,Untrained,Music,1-5-8,1-5-8,True
405,Jb1TNhPukqh2nEWGQvpAF4R5uQt2,Novice,Untrained,Music,1-5-1,1-4-1,False
406,Jb1TNhPukqh2nEWGQvpAF4R5uQt2,Novice,Untrained,Music,1-3-2,1-3-2,True
407,Jb1TNhPukqh2nEWGQvpAF4R5uQt2,Novice,Untrained,Music,,1-5-3,False
408,Jb1TNhPukqh2nEWGQvpAF4R5uQt2,Novice,Untrained,Music,1-4-1,1-4-1,True
409,Jb1TNhPukqh2nEWGQvpAF4R5uQt2,Novice,Untrained,Music,1-3-5,1-3-5,True
410,Jb1TNhPukqh2nEWGQvpAF4R5uQt2,Novice,Untrained,Music,1-3-5,1-3-5,True
411,Jb1TNhPukqh2nEWGQvpAF4R5uQt2,Novice,Untrained,Music,,1-2-3,False
412,Jb1TNhPukqh2nEWGQvpAF4R5uQt2,Novice,Untrained,Music,1-3-5,1-5-8,False
413,Jb1TNhPukqh2nEWGQvpAF4R5uQt2,Novice,Untrained,Music,1-4-1,1-5-1,False
414,Jb1TNhPukqh2nEWGQvpAF4R5uQt2,Novice,Untrained,Music,1-4-1,1-5-3,False
415,Jb1TNhPukqh2nEWGQvpAF4R5uQt2,Novice,Trained,No-Music,,1-5-8,False
416,Jb1TNhPukqh2nEWGQvpAF4R5uQt2,Novice,Trained,No-Music,1-2-3,1-2-3,True
417,Jb1TNhPukqh2nEWGQvpAF4R5uQt2,Novice,Trained,No-Music,,1-3-5,False
418,Jb1TNhPukqh2nEWGQvpAF4R5uQt2,Novice,Trained,No-Music,,1-5-1,False
419,Jb1TNhPukqh2nEWGQvpAF4R5uQt2,Novice,Trained,No-Music,1-3-2,1-3-2,True
420,Jb1TNhPukqh2nEWGQvpAF4R5uQt2,Novice,Trained,No-Music,1-5-8,1-5-8,True
421,Jb1TNhPukqh2nEWGQvpAF4R5uQt2,Novice,Trained,No-Music,1-5-3,1-5-3,True
422,Jb1TNhPukqh2nEWGQvpAF4R5uQt2,Novice,Trained,No-Music,,1-4-1,False
423,Jb1TNhPukqh2nEWGQvpAF4R5uQt2,Novice,Trained,No-Music,,1-3-2,False
424,Jb1TNhPukqh2nEWGQvpAF4R5uQt2,Novice,Trained,No-Music,1-4-1,1-5-1,False
425,Jb1TNhPukqh2nEWGQvpAF4R5uQt2,Novice,Trained,No-Music,1-4-1,1-5-3,False
426,Jb1TNhPukqh2nEWGQvpAF4R5uQt2,Novice,Trained,No-Music,1-5-1,1-4-1,False
427,Jb1TNhPukqh2nEWGQvpAF4R5uQt2,Novice,Trained,No-Music,1-3-5,1-3-5,True
428,Jb1TNhPukqh2nEWGQvpAF4R5uQt2,Novice,Trained,No-Music,,1-2-3,False
429,Jb1TNhPukqh2nEWGQvpAF4R5uQt2,Novice,Trained,Music,,1-2-3,False
430,Jb1TNhPukqh2nEWGQvpAF4R5uQt2,Novice,Trained,Music,1-3-2,1-4-1,False
431,Jb1TNhPukqh2nEWGQvpAF4R5uQt2,Novice,Trained,Music,1-4-1,1-3-5,False
432,Jb1TNhPukqh2nEWGQvpAF4R5uQt2,Novice,Trained,Music,,1-5-3,False
433,Jb1TNhPukqh2nEWGQvpAF4R5uQt2,Novice,Trained,Music,1-3-2,1-3-2,True
434,Jb1TNhPukqh2nEWGQvpAF4R5uQt2,Novice,Trained,Music,1-4-1,1-4-1,True
435,Jb1TNhPukqh2nEWGQvpAF4R5uQt2,Novice,Trained,Music,1-5-8,1-5-8,True
436,Jb1TNhPukqh2nEWGQvpAF4R5uQt2,Novice,Trained,Music,1-5-8,1-5-8,True
437,Jb1TNhPukqh2nEWGQvpAF4R5uQt2,Novice,Trained,Music,1-5-1,1-5-1,True
438,Jb1TNhPukqh2nEWGQvpAF4R5uQt2,Novice,Trained,Music,1-3-5,1-5-1,False
439,Jb1TNhPukqh2nEWGQvpAF4R5uQt2,Novice,Trained,Music,1-4-1,1-3-2,False
440,Jb1TNhPukqh2nEWGQvpAF4R5uQt2,Novice,Trained,Music,,1-3-5,False
441,Jb1TNhPukqh2nEWGQvpAF4R5uQt2,Novice,Trained,Music,1-5-3,1-5-3,True
442,AzKqvJ3VNkYN9LgIoPiu8fehW6u2,Intermediate,Untrained,No-Music,,1-5-1,False
443,AzKqvJ3VNkYN9LgIoPiu8fehW6u2,Intermediate,Untrained,No-Music,,1-5-3,False
444,AzKqvJ3VNkYN9LgIoPiu8fehW6u2,Intermediate,Untrained,No-Music,1-4-1,1-5-8,False
445,AzKqvJ3VNkYN9LgIoPiu8fehW6u2,Intermediate,Untrained,No-Music,1-4-1,1-4-1,True
446,AzKqvJ3VNkYN9LgIoPiu8fehW6u2,Intermediate,Untrained,No-Music,1-3-2,1-3-2,True
447,AzKqvJ3VNkYN9LgIoPiu8fehW6u2,Intermediate,Untrained,No-Music,1-2-3,1-2-3,True
448,AzKqvJ3VNkYN9LgIoPiu8fehW6u2,Intermediate,Untrained,No-Music,1-2-3,1-2-3,True
449,AzKqvJ3VNkYN9LgIoPiu8fehW6u2,Intermediate,Untrained,No-Music,1-3-2,1-4-1,False
450,AzKqvJ3VNkYN9LgIoPiu8fehW6u2,Intermediate,Untrained,No-Music,,1-3-5,False
451,AzKqvJ3VNkYN9LgIoPiu8fehW6u2,Intermediate,Untrained,No-Music,1-4-1,1-3-2,False
452,AzKqvJ3VNkYN9LgIoPiu8fehW6u2,Intermediate,Untrained,No-Music,1-4-1,1-3-5,False
453,AzKqvJ3VNkYN9LgIoPiu8fehW6u2,Intermediate,Untrained,No-Music,,1-5-3,False
454,AzKqvJ3VNkYN9LgIoPiu8fehW6u2,Intermediate,Untrained,No-Music,1-5-8,1-5-8,True
455,AzKqvJ3VNkYN9LgIoPiu8fehW6u2,Intermediate,Untrained,No-Music,1-5-1,1-5-1,True
456,AzKqvJ3VNkYN9LgIoPiu8fehW6u2,Intermediate,Untrained,Music,1-5-1,1-5-1,True
457,AzKqvJ3VNkYN9LgIoPiu8fehW6u2,Intermediate,Untrained,Music,1-5-8,1-5-8,True
458,AzKqvJ3VNkYN9LgIoPiu8fehW6u2,Intermediate,Untrained,Music,,1-3-5,False
459,AzKqvJ3VNkYN9LgIoPiu8fehW6u2,Intermediate,Untrained,Music,1-4-1,1-4-1,True
460,AzKqvJ3VNkYN9LgIoPiu8fehW6u2,Intermediate,Untrained,Music,1-2-3,1-2-3,True
461,AzKqvJ3VNkYN9LgIoPiu8fehW6u2,Intermediate,Untrained,Music,1-3-2,1-3-2,True
462,AzKqvJ3VNkYN9LgIoPiu8fehW6u2,Intermediate,Untrained,Music,1-5-3,1-5-3,True
463,AzKqvJ3VNkYN9LgIoPiu8fehW6u2,Intermediate,Untrained,Music,1-5-1,1-5-1,True
464,AzKqvJ3VNkYN9LgIoPiu8fehW6u2,Intermediate,Untrained,Music,1-3-2,1-3-2,True
465,AzKqvJ3VNkYN9LgIoPiu8fehW6u2,Intermediate,Untrained,Music,1-3-5,1-3-5,True
466,AzKqvJ3VNkYN9LgIoPiu8fehW6u2,Intermediate,Untrained,Music,1-5-3,1-5-3,True
467,AzKqvJ3VNkYN9LgIoPiu8fehW6u2,Intermediate,Untrained,Music,1-5-8,1-5-8,True
468,AzKqvJ3VNkYN9LgIoPiu8fehW6u2,Intermediate,Untrained,Music,1-2-3,1-2-3,True
469,AzKqvJ3VNkYN9LgIoPiu8fehW6u2,Intermediate,Untrained,Music,1-4-1,1-4-1,True
470,AzKqvJ3VNkYN9LgIoPiu8fehW6u2,Intermediate,Trained,No-Music,1-3-5,1-3-5,True
471,AzKqvJ3VNkYN9LgIoPiu8fehW6u2,Intermediate,Trained,No-Music,1-5-1,1-5-1,True
472,AzKqvJ3VNkYN9LgIoPiu8fehW6u2,Intermediate,Trained,No-Music,1-5-1,1-5-1,True
473,AzKqvJ3VNkYN9LgIoPiu8fehW6u2,Intermediate,Trained,No-Music,1-5-3,1-5-3,True
474,AzKqvJ3VNkYN9LgIoPiu8fehW6u2,Intermediate,Trained,No-Music,1-5-8,1-5-8,True
475,AzKqvJ3VNkYN9LgIoPiu8fehW6u2,Intermediate,Trained,No-Music,1-3-5,1-3-5,True
476,AzKqvJ3VNkYN9LgIoPiu8fehW6u2,Intermediate,Trained,No-Music,1-4-1,1-3-2,False
477,AzKqvJ3VNkYN9LgIoPiu8fehW6u2,Intermediate,Trained,No-Music,,1-2-3,False
478,AzKqvJ3VNkYN9LgIoPiu8fehW6u2,Intermediate,Trained,No-Music,1-2-3,1-5-3,False
479,AzKqvJ3VNkYN9LgIoPiu8fehW6u2,Intermediate,Trained,No-Music,1-5-8,1-5-8,True
480,AzKqvJ3VNkYN9LgIoPiu8fehW6u2,Intermediate,Trained,No-Music,1-2-3,1-2-3,True
481,AzKqvJ3VNkYN9LgIoPiu8fehW6u2,Intermediate,Trained,No-Music,1-3-2,1-3-2,True
482,AzKqvJ3VNkYN9LgIoPiu8fehW6u2,Intermediate,Trained,No-Music,1-4-1,1-4-1,True
483,AzKqvJ3VNkYN9LgIoPiu8fehW6u2,Intermediate,Trained,No-Music,1-4-1,1-4-1,True
484,AzKqvJ3VNkYN9LgIoPiu8fehW6u2,Intermediate,Trained,Music,1-4-1,1-5-1,False
485,AzKqvJ3VNkYN9LgIoPiu8fehW6u2,Intermediate,Trained,Music,1-4-1,1-4-1,True
486,AzKqvJ3VNkYN9LgIoPiu8fehW6u2,Intermediate,Trained,Music,1-5-8,1-5-8,True
487,AzKqvJ3VNkYN9LgIoPiu8fehW6u2,Intermediate,Trained,Music,1-2-3,1-2-3,True
488,AzKqvJ3VNkYN9LgIoPiu8fehW6u2,Intermediate,Trained,Music,1-3-5,1-3-5,True
489,AzKqvJ3VNkYN9LgIoPiu8fehW6u2,Intermediate,Trained,Music,1-3-5,1-4-1,False
490,AzKqvJ3VNkYN9LgIoPiu8fehW6u2,Intermediate,Trained,Music,1-4-1,1-2-3,False
491,AzKqvJ3VNkYN9LgIoPiu8fehW6u2,Intermediate,Trained,Music,1-5-1,1-5-1,True
492,AzKqvJ3VNkYN9LgIoPiu8fehW6u2,Intermediate,Trained,Music,1-5-8,1-5-8,True
493,AzKqvJ3VNkYN9LgIoPiu8fehW6u2,Intermediate,Trained,Music,1-2-3,1-3-2,False
494,AzKqvJ3VNkYN9LgIoPiu8fehW6u2,Intermediate,Trained,Music,,1-3-5,False
495,AzKqvJ3VNkYN9LgIoPiu8fehW6u2,Intermediate,Trained,Music,,1-5-3,False
496,AzKqvJ3VNkYN9LgIoPiu8fehW6u2,Intermediate,Trained,Music,1-5-3,1-5-3,True
497,AzKqvJ3VNkYN9LgIoPiu8fehW6u2,Intermediate,Trained,Music,1-4-1,1-3-2,False
498,ICcwW9AMMqRnyMVdYdPQ0XCk1YY2,Novice,Untrained,No-Music,1-4-1,1-5-1,False
499,ICcwW9AMMqRnyMVdYdPQ0XCk1YY2,Novice,Untrained,No-Music,1-5-1,1-5-1,True
500,ICcwW9AMMqRnyMVdYdPQ0XCk1YY2,Novice,Untrained,No-Music,1-2-3,1-3-2,False
501,ICcwW9AMMqRnyMVdYdPQ0XCk1YY2,Novice,Untrained,No-Music,1-4-1,1-5-8,False
502,ICcwW9AMMqRnyMVdYdPQ0XCk1YY2,Novice,Untrained,No-Music,,1-3-5,False
503,ICcwW9AMMqRnyMVdYdPQ0XCk1YY2,Novice,Untrained,No-Music,1-4-1,1-4-1,True
504,ICcwW9AMMqRnyMVdYdPQ0XCk1YY2,Novice,Untrained,No-Music,1-4-1,1-5-3,False
505,ICcwW9AMMqRnyMVdYdPQ0XCk1YY2,Novice,Untrained,No-Music,1-2-3,1-2-3,True
506,ICcwW9AMMqRnyMVdYdPQ0XCk1YY2,Novice,Untrained,No-Music,1-4-1,1-3-2,False
507,ICcwW9AMMqRnyMVdYdPQ0XCk1YY2,Novice,Untrained,No-Music,,1-5-8,False
508,ICcwW9AMMqRnyMVdYdPQ0XCk1YY2,Novice,Untrained,No-Music,1-4-1,1-3-5,False
509,ICcwW9AMMqRnyMVdYdPQ0XCk1YY2,Novice,Untrained,No-Music,1-4-1,1-4-1,True
510,ICcwW9AMMqRnyMVdYdPQ0XCk1YY2,Novice,Untrained,No-Music,1-4-1,1-5-3,False
511,ICcwW9AMMqRnyMVdYdPQ0XCk1YY2,Novice,Untrained,No-Music,1-2-3,1-2-3,True
512,ICcwW9AMMqRnyMVdYdPQ0XCk1YY2,Novice,Untrained,Music,,1-4-1,False
513,ICcwW9AMMqRnyMVdYdPQ0XCk1YY2,Novice,Untrained,Music,1-3-5,1-5-8,False
514,ICcwW9AMMqRnyMVdYdPQ0XCk1YY2,Novice,Untrained,Music,1-2-3,1-2-3,True
515,ICcwW9AMMqRnyMVdYdPQ0XCk1YY2,Novice,Untrained,Music,,1-5-3,False
516,ICcwW9AMMqRnyMVdYdPQ0XCk1YY2,Novice,Untrained,Music,1-4-1,1-3-5,False
517,ICcwW9AMMqRnyMVdYdPQ0XCk1YY2,Novice,Untrained,Music,1-3-5,1-5-1,False
518,ICcwW9AMMqRnyMVdYdPQ0XCk1YY2,Novice,Untrained,Music,1-5-1,1-4-1,False
519,ICcwW9AMMqRnyMVdYdPQ0XCk1YY2,Novice,Untrained,Music,1-5-8,1-5-1,False
520,ICcwW9AMMqRnyMVdYdPQ0XCk1YY2,Novice,Untrained,Music,1-2-3,1-2-3,True
521,ICcwW9AMMqRnyMVdYdPQ0XCk1YY2,Novice,Untrained,Music,1-4-1,1-5-8,False
522,ICcwW9AMMqRnyMVdYdPQ0XCk1YY2,Novice,Untrained,Music,1-2-3,1-5-3,False
523,ICcwW9AMMqRnyMVdYdPQ0XCk1YY2,Novice,Untrained,Music,1-2-3,1-3-5,False
524,ICcwW9AMMqRnyMVdYdPQ0XCk1YY2,Novice,Untrained,Music,,1-3-2,False
525,ICcwW9AMMqRnyMVdYdPQ0XCk1YY2,Novice,Trained,No-Music,1-4-1,1-3-5,False
526,ICcwW9AMMqRnyMVdYdPQ0XCk1YY2,Novice,Trained,No-Music,,1-5-1,False
527,ICcwW9AMMqRnyMVdYdPQ0XCk1YY2,Novice,Trained,No-Music,1-2-3,1-2-3,True
528,ICcwW9AMMqRnyMVdYdPQ0XCk1YY2,Novice,Trained,No-Music,1-4-1,1-5-8,False
529,ICcwW9AMMqRnyMVdYdPQ0XCk1YY2,Novice,Trained,No-Music,1-4-1,1-3-5,False
530,ICcwW9AMMqRnyMVdYdPQ0XCk1YY2,Novice,Trained,No-Music,1-4-1,1-5-3,False
531,ICcwW9AMMqRnyMVdYdPQ0XCk1YY2,Novice,Trained,No-Music,,1-4-1,False
532,ICcwW9AMMqRnyMVdYdPQ0XCk1YY2,Novice,Trained,No-Music,1-3-5,1-4-1,False
533,ICcwW9AMMqRnyMVdYdPQ0XCk1YY2,Novice,Trained,No-Music,,1-3-2,False
534,ICcwW9AMMqRnyMVdYdPQ0XCk1YY2,Novice,Trained,No-Music,1-3-5,1-5-3,False
535,ICcwW9AMMqRnyMVdYdPQ0XCk1YY2,Novice,Trained,No-Music,1-5-8,1-5-8,True
536,ICcwW9AMMqRnyMVdYdPQ0XCk1YY2,Novice,Trained,No-Music,1-4-1,1-3-2,False
537,ICcwW9AMMqRnyMVdYdPQ0XCk1YY2,Novice,Trained,No-Music,,1-2-3,False
538,ICcwW9AMMqRnyMVdYdPQ0XCk1YY2,Novice,Trained,No-Music,,1-5-1,False
539,ICcwW9AMMqRnyMVdYdPQ0XCk1YY2,Novice,Trained,Music,1-3-5,1-3-5,True
540,ICcwW9AMMqRnyMVdYdPQ0XCk1YY2,Novice,Trained,Music,1-3-2,1-3-2,True
541,ICcwW9AMMqRnyMVdYdPQ0XCk1YY2,Novice,Trained,Music,1-5-3,1-5-3,True
542,ICcwW9AMMqRnyMVdYdPQ0XCk1YY2,Novice,Trained,Music,1-5-3,1-5-3,True
543,ICcwW9AMMqRnyMVdYdPQ0XCk1YY2,Novice,Trained,Music,1-3-5,1-3-5,True
544,ICcwW9AMMqRnyMVdYdPQ0XCk1YY2,Novice,Trained,Music,,1-4-1,False
545,ICcwW9AMMqRnyMVdYdPQ0XCk1YY2,Novice,Trained,Music,,1-5-1,False
546,ICcwW9AMMqRnyMVdYdPQ0XCk1YY2,Novice,Trained,Music,1-2-3,1-2-3,True
547,ICcwW9AMMqRnyMVdYdPQ0XCk1YY2,Novice,Trained,Music,1-5-1,1-5-1,True
548,ICcwW9AMMqRnyMVdYdPQ0XCk1YY2,Novice,Trained,Music,1-4-1,1-5-8,False
549,ICcwW9AMMqRnyMVdYdPQ0XCk1YY2,Novice,Trained,Music,1-2-3,1-2-3,True
550,ICcwW9AMMqRnyMVdYdPQ0XCk1YY2,Novice,Trained,Music,1-5-8,1-5-8,True
551,ICcwW9AMMqRnyMVdYdPQ0XCk1YY2,Novice,Trained,Music,1-5-3,1-3-2,False
552,ICcwW9AMMqRnyMVdYdPQ0XCk1YY2,Novice,Trained,Music,1-3-5,1-4-1,False
553,tXVIQHITYldhMqhRtVFNjfTRm333,Intermediate,Untrained,No-Music,1-5-8,1-5-8,True
554,tXVIQHITYldhMqhRtVFNjfTRm333,Intermediate,Untrained,No-Music,1-4-1,1-5-1,False
555,tXVIQHITYldhMqhRtVFNjfTRm333,Intermediate,Untrained,No-Music,1-4-1,1-4-1,True
556,tXVIQHITYldhMqhRtVFNjfTRm333,Intermediate,Untrained,No-Music,1-3-2,1-3-2,True
557,tXVIQHITYldhMqhRtVFNjfTRm333,Intermediate,Untrained,No-Music,1-3-5,1-5-3,False
558,tXVIQHITYldhMqhRtVFNjfTRm333,Intermediate,Untrained,No-Music,,1-5-1,False
559,tXVIQHITYldhMqhRtVFNjfTRm333,Intermediate,Untrained,No-Music,1-2-3,1-2-3,True
560,tXVIQHITYldhMqhRtVFNjfTRm333,Intermediate,Untrained,No-Music,1-2-3,1-2-3,True
561,tXVIQHITYldhMqhRtVFNjfTRm333,Intermediate,Untrained,No-Music,1-3-2,1-3-2,True
562,tXVIQHITYldhMqhRtVFNjfTRm333,Intermediate,Untrained,No-Music,1-5-8,1-5-8,True
563,tXVIQHITYldhMqhRtVFNjfTRm333,Intermediate,Untrained,No-Music,1-5-1,1-4-1,False
564,tXVIQHITYldhMqhRtVFNjfTRm333,Intermediate,Untrained,No-Music,1-3-5,1-3-5,True
565,tXVIQHITYldhMqhRtVFNjfTRm333,Intermediate,Untrained,No-Music,1-5-3,1-5-3,True
566,tXVIQHITYldhMqhRtVFNjfTRm333,Intermediate,Untrained,Music,1-4-1,1-4-1,True
567,tXVIQHITYldhMqhRtVFNjfTRm333,Intermediate,Untrained,Music,1-2-3,1-4-1,False
568,tXVIQHITYldhMqhRtVFNjfTRm333,Intermediate,Untrained,Music,1-4-1,1-5-1,False
569,tXVIQHITYldhMqhRtVFNjfTRm333,Intermediate,Untrained,Music,1-5-1,1-3-2,False
570,tXVIQHITYldhMqhRtVFNjfTRm333,Intermediate,Untrained,Music,1-3-2,1-5-1,False
571,tXVIQHITYldhMqhRtVFNjfTRm333,Intermediate,Untrained,Music,1-2-3,1-2-3,True
572,tXVIQHITYldhMqhRtVFNjfTRm333,Intermediate,Untrained,Music,1-2-3,1-3-2,False
573,tXVIQHITYldhMqhRtVFNjfTRm333,Intermediate,Untrained,Music,1-5-8,1-5-3,False
574,tXVIQHITYldhMqhRtVFNjfTRm333,Intermediate,Untrained,Music,1-2-3,1-2-3,True
575,tXVIQHITYldhMqhRtVFNjfTRm333,Intermediate,Untrained,Music,1-3-5,1-3-5,True
576,tXVIQHITYldhMqhRtVFNjfTRm333,Intermediate,Untrained,Music,1-4-1,1-5-8,False
577,tXVIQHITYldhMqhRtVFNjfTRm333,Intermediate,Untrained,Music,1-3-5,1-5-3,False
578,tXVIQHITYldhMqhRtVFNjfTRm333,Intermediate,Untrained,Music,1-5-8,1-5-8,True
579,tXVIQHITYldhMqhRtVFNjfTRm333,Intermediate,Untrained,Music,1-3-5,1-3-5,True
580,tXVIQHITYldhMqhRtVFNjfTRm333,Intermediate,Trained,No-Music,1-5-3,1-5-3,True
581,tXVIQHITYldhMqhRtVFNjfTRm333,Intermediate,Trained,No-Music,,1-3-5,False
582,tXVIQHITYldhMqhRtVFNjfTRm333,Intermediate,Trained,No-Music,,1-5-1,False
583,tXVIQHITYldhMqhRtVFNjfTRm333,Intermediate,Trained,No-Music,1-5-3,1-5-3,True
584,tXVIQHITYldhMqhRtVFNjfTRm333,Intermediate,Trained,No-Music,,1-3-5,False
585,tXVIQHITYldhMqhRtVFNjfTRm333,Intermediate,Trained,No-Music,1-5-1,1-5-1,True
586,tXVIQHITYldhMqhRtVFNjfTRm333,Intermediate,Trained,No-Music,1-2-3,1-2-3,True
587,tXVIQHITYldhMqhRtVFNjfTRm333,Intermediate,Trained,No-Music,1-5-8,1-5-8,True
588,tXVIQHITYldhMqhRtVFNjfTRm333,Intermediate,Trained,No-Music,1-5-8,1-5-8,True
589,tXVIQHITYldhMqhRtVFNjfTRm333,Intermediate,Trained,No-Music,1-3-2,1-4-1,False
590,tXVIQHITYldhMqhRtVFNjfTRm333,Intermediate,Trained,No-Music,1-3-2,1-3-2,True
591,tXVIQHITYldhMqhRtVFNjfTRm333,Intermediate,Trained,No-Music,1-3-2,1-3-2,True
592,tXVIQHITYldhMqhRtVFNjfTRm333,Intermediate,Trained,No-Music,,1-4-1,False
593,tXVIQHITYldhMqhRtVFNjfTRm333,Intermediate,Trained,No-Music,1-2-3,1-2-3,True
594,tXVIQHITYldhMqhRtVFNjfTRm333,Intermediate,Trained,Music,1-5-3,1-5-3,True
595,tXVIQHITYldhMqhRtVFNjfTRm333,Intermediate,Trained,Music,1-4-1,1-3-5,False
596,tXVIQHITYldhMqhRtVFNjfTRm333,Intermediate,Trained,Music,1-4-1,1-4-1,True
597,tXVIQHITYldhMqhRtVFNjfTRm333,Intermediate,Trained,Music,1-5-1,1-5-1,True
598,tXVIQHITYldhMqhRtVFNjfTRm333,Intermediate,Trained,Music,1-5-8,1-5-8,True
599,tXVIQHITYldhMqhRtVFNjfTRm333,Intermediate,Trained,Music,1-3-2,1-3-2,True
600,tXVIQHITYldhMqhRtVFNjfTRm333,Intermediate,Trained,Music,1-4-1,1-4-1,True
601,tXVIQHITYldhMqhRtVFNjfTRm333,Intermediate,Trained,Music,1-3-5,1-3-5,True
602,tXVIQHITYldhMqhRtVFNjfTRm333,Intermediate,Trained,Music,1-3-2,1-3-2,True
603,tXVIQHITYldhMqhRtVFNjfTRm333,Intermediate,Trained,Music,,1-5-3,False
604,tXVIQHITYldhMqhRtVFNjfTRm333,Intermediate,Trained,Music,1-2-3,1-2-3,True
605,tXVIQHITYldhMqhRtVFNjfTRm333,Intermediate,Trained,Music,1-2-3,1-2-3,True
606,tXVIQHITYldhMqhRtVFNjfTRm333,Intermediate,Trained,Music,1-5-1,1-5-1,True
607,tXVIQHITYldhMqhRtVFNjfTRm333,Intermediate,Trained,Music,1-5-8,1-5-8,True
608,zbCoKgaBbNbDxw5BKsiA1NCxAaL2,Novice,Untrained,No-Music,1-3-2,1-5-3,False
609,zbCoKgaBbNbDxw5BKsiA1NCxAaL2,Novice,Untrained,No-Music,1-2-3,1-2-3,True
610,zbCoKgaBbNbDxw5BKsiA1NCxAaL2,Novice,Untrained,No-Music,1-4-1,1-4-1,True
611,zbCoKgaBbNbDxw5BKsiA1NCxAaL2,Novice,Untrained,No-Music,1-3-2,1-5-8,False
612,zbCoKgaBbNbDxw5BKsiA1NCxAaL2,Novice,Untrained,No-Music,,1-5-1,False
613,zbCoKgaBbNbDxw5BKsiA1NCxAaL2,Novice,Untrained,No-Music,1-3-2,1-3-2,True
614,zbCoKgaBbNbDxw5BKsiA1NCxAaL2,Novice,Untrained,No-Music,1-3-2,1-3-5,False
615,zbCoKgaBbNbDxw5BKsiA1NCxAaL2,Novice,Untrained,No-Music,1-4-1,1-5-1,False
616,zbCoKgaBbNbDxw5BKsiA1NCxAaL2,Novice,Untrained,No-Music,1-3-2,1-3-2,True
617,zbCoKgaBbNbDxw5BKsiA1NCxAaL2,Novice,Untrained,No-Music,,1-5-3,False
618,zbCoKgaBbNbDxw5BKsiA1NCxAaL2,Novice,Untrained,No-Music,1-5-8,1-5-8,True
619,zbCoKgaBbNbDxw5BKsiA1NCxAaL2,Novice,Untrained,No-Music,1-3-5,1-3-5,True
620,zbCoKgaBbNbDxw5BKsiA1NCxAaL2,Novice,Untrained,No-Music,1-2-3,1-2-3,True
621,zbCoKgaBbNbDxw5BKsiA1NCxAaL2,Novice,Untrained,No-Music,,1-4-1,False
622,zbCoKgaBbNbDxw5BKsiA1NCxAaL2,Novice,Untrained,Music,1-3-2,1-3-2,True
623,zbCoKgaBbNbDxw5BKsiA1NCxAaL2,Novice,Untrained,Music,,1-2-3,False
624,zbCoKgaBbNbDxw5BKsiA1NCxAaL2,Novice,Untrained,Music,,1-5-3,False
625,zbCoKgaBbNbDxw5BKsiA1NCxAaL2,Novice,Untrained,Music,,1-3-5,False
626,zbCoKgaBbNbDxw5BKsiA1NCxAaL2,Novice,Untrained,Music,1-4-1,1-3-2,False
627,zbCoKgaBbNbDxw5BKsiA1NCxAaL2,Novice,Untrained,Music,,1-4-1,False
628,zbCoKgaBbNbDxw5BKsiA1NCxAaL2,Novice,Untrained,Music,,1-5-8,False
629,zbCoKgaBbNbDxw5BKsiA1NCxAaL2,Novice,Untrained,Music,1-3-5,1-5-3,False
630,zbCoKgaBbNbDxw5BKsiA1NCxAaL2,Novice,Untrained,Music,,1-3-5,False
631,zbCoKgaBbNbDxw5BKsiA1NCxAaL2,Novice,Untrained,Music,1-3-2,1-5-1,False
632,zbCoKgaBbNbDxw5BKsiA1NCxAaL2,Novice,Untrained,Music,,1-2-3,False
633,zbCoKgaBbNbDxw5BKsiA1NCxAaL2,Novice,Untrained,Music,1-3-2,1-4-1,False
634,zbCoKgaBbNbDxw5BKsiA1NCxAaL2,Novice,Untrained,Music,,1-5-1,False
635,zbCoKgaBbNbDxw5BKsiA1NCxAaL2,Novice,Trained,No-Music,1-4-1,1-4-1,True
636,zbCoKgaBbNbDxw5BKsiA1NCxAaL2,Novice,Trained,No-Music,1-3-5,1-3-5,True
637,zbCoKgaBbNbDxw5BKsiA1NCxAaL2,Novice,Trained,No-Music,1-4-1,1-4-1,True
638,zbCoKgaBbNbDxw5BKsiA1NCxAaL2,Novice,Trained,No-Music,1-5-3,1-5-3,True
639,zbCoKgaBbNbDxw5BKsiA1NCxAaL2,Novice,Trained,No-Music,1-3-2,1-3-2,True
640,zbCoKgaBbNbDxw5BKsiA1NCxAaL2,Novice,Trained,No-Music,1-2-3,1-2-3,True
641,zbCoKgaBbNbDxw5BKsiA1NCxAaL2,Novice,Trained,No-Music,1-2-3,1-2-3,True
642,zbCoKgaBbNbDxw5BKsiA1NCxAaL2,Novice,Trained,No-Music,1-5-8,1-5-8,True
643,zbCoKgaBbNbDxw5BKsiA1NCxAaL2,Novice,Trained,No-Music,1-4-1,1-5-1,False
644,zbCoKgaBbNbDxw5BKsiA1NCxAaL2,Novice,Trained,No-Music,1-5-3,1-3-2,False
645,zbCoKgaBbNbDxw5BKsiA1NCxAaL2,Novice,Trained,No-Music,1-5-3,1-5-3,True
646,zbCoKgaBbNbDxw5BKsiA1NCxAaL2,Novice,Trained,No-Music,1-3-5,1-3-5,True
647,zbCoKgaBbNbDxw5BKsiA1NCxAaL2,Novice,Trained,No-Music,1-5-8,1-5-8,True
648,zbCoKgaBbNbDxw5BKsiA1NCxAaL2,Novice,Trained,No-Music,1-5-1,1-5-1,True
649,zbCoKgaBbNbDxw5BKsiA1NCxAaL2,Novice,Trained,Music,1-4-1,1-3-2,False
650,zbCoKgaBbNbDxw5BKsiA1NCxAaL2,Novice,Trained,Music,1-4-1,1-5-1,False
651,zbCoKgaBbNbDxw5BKsiA1NCxAaL2,Novice,Trained,Music,1-4-1,1-4-1,True
652,zbCoKgaBbNbDxw5BKsiA1NCxAaL2,Novice,Trained,Music,1-5-8,1-5-8,True
653,zbCoKgaBbNbDxw5BKsiA1NCxAaL2,Novice,Trained,Music,1-3-5,1-3-5,True
654,zbCoKgaBbNbDxw5BKsiA1NCxAaL2,Novice,Trained,Music,1-5-3,1-5-3,True
655,zbCoKgaBbNbDxw5BKsiA1NCxAaL2,Novice,Trained,Music,1-3-2,1-3-2,True
656,zbCoKgaBbNbDxw5BKsiA1NCxAaL2,Novice,Trained,Music,1-5-1,1-5-1,True
657,zbCoKgaBbNbDxw5BKsiA1NCxAaL2,Novice,Trained,Music,1-5-8,1-5-8,True
658,zbCoKgaBbNbDxw5BKsiA1NCxAaL2,Novice,Trained,Music,1-2-3,1-2-3,True
659,zbCoKgaBbNbDxw5BKsiA1NCxAaL2,Novice,Trained,Music,1-5-3,1-5-3,True
660,zbCoKgaBbNbDxw5BKsiA1NCxAaL2,Novice,Trained,Music,1-5-8,1-2-3,False
661,zbCoKgaBbNbDxw5BKsiA1NCxAaL2,Novice,Trained,Music,1-4-1,1-4-1,True
662,zbCoKgaBbNbDxw5BKsiA1NCxAaL2,Novice,Trained,Music,1-3-5,1-3-5,True
663,zNuGxejsczPIjpf2emxu6MomGm82,Intermediate,Untrained,No-Music,1-3-5,1-3-5,True
664,zNuGxejsczPIjpf2emxu6MomGm82,Intermediate,Untrained,No-Music,1-5-1,1-5-1,True
665,zNuGxejsczPIjpf2emxu6MomGm82,Intermediate,Untrained,No-Music,1-3-5,1-3-5,True
666,zNuGxejsczPIjpf2emxu6MomGm82,Intermediate,Untrained,No-Music,1-5-8,1-5-8,True
667,zNuGxejsczPIjpf2emxu6MomGm82,Intermediate,Untrained,No-Music,1-5-3,1-5-3,True
668,zNuGxejsczPIjpf2emxu6MomGm82,Intermediate,Untrained,No-Music,1-5-3,1-4-1,False
669,zNuGxejsczPIjpf2emxu6MomGm82,Intermediate,Untrained,No-Music,1-4-1,1-5-8,False
670,zNuGxejsczPIjpf2emxu6MomGm82,Intermediate,Untrained,No-Music,1-4-1,1-4-1,True
671,zNuGxejsczPIjpf2emxu6MomGm82,Intermediate,Untrained,No-Music,1-5-1,1-5-1,True
672,zNuGxejsczPIjpf2emxu6MomGm82,Intermediate,Untrained,No-Music,1-5-3,1-5-3,True
673,zNuGxejsczPIjpf2emxu6MomGm82,Intermediate,Untrained,No-Music,1-3-2,1-3-2,True
674,zNuGxejsczPIjpf2emxu6MomGm82,Intermediate,Untrained,No-Music,1-3-2,1-3-2,True
675,zNuGxejsczPIjpf2emxu6MomGm82,Intermediate,Untrained,No-Music,1-2-3,1-2-3,True
676,zNuGxejsczPIjpf2emxu6MomGm82,Intermediate,Untrained,No-Music,1-2-3,1-2-3,True
677,zNuGxejsczPIjpf2emxu6MomGm82,Intermediate,Untrained,Music,1-5-3,1-5-3,True
678,zNuGxejsczPIjpf2emxu6MomGm82,Intermediate,Untrained,Music,1-5-3,1-5-3,True
679,zNuGxejsczPIjpf2emxu6MomGm82,Intermediate,Untrained,Music,1-5-3,1-2-3,False
680,zNuGxejsczPIjpf2emxu6MomGm82,Intermediate,Untrained,Music,1-3-5,1-4-1,False
681,zNuGxejsczPIjpf2emxu6MomGm82,Intermediate,Untrained,Music,1-3-5,1-2-3,False
682,zNuGxejsczPIjpf2emxu6MomGm82,Intermediate,Untrained,Music,1-5-3,1-5-1,False
683,zNuGxejsczPIjpf2emxu6MomGm82,Intermediate,Untrained,Music,1-4-1,1-3-5,False
684,zNuGxejsczPIjpf2emxu6MomGm82,Intermediate,Untrained,Music,,1-3-2,False
685,zNuGxejsczPIjpf2emxu6MomGm82,Intermediate,Untrained,Music,1-4-1,1-4-1,True
686,zNuGxejsczPIjpf2emxu6MomGm82,Intermediate,Untrained,Music,,1-3-5,False
687,zNuGxejsczPIjpf2emxu6MomGm82,Intermediate,Untrained,Music,1-4-1,1-3-2,False
688,zNuGxejsczPIjpf2emxu6MomGm82,Intermediate,Untrained,Music,1-5-1,1-5-1,True
689,zNuGxejsczPIjpf2emxu6MomGm82,Intermediate,Untrained,Music,1-5-8,1-5-8,True
690,zNuGxejsczPIjpf2emxu6MomGm82,Intermediate,Trained,No-Music,1-5-3,1-5-3,True
691,zNuGxejsczPIjpf2emxu6MomGm82,Intermediate,Trained,No-Music,1-3-5,1-3-5,True
692,zNuGxejsczPIjpf2emxu6MomGm82,Intermediate,Trained,No-Music,1-2-3,1-2-3,True
693,zNuGxejsczPIjpf2emxu6MomGm82,Intermediate,Trained,No-Music,1-4-1,1-4-1,True
694,zNuGxejsczPIjpf2emxu6MomGm82,Intermediate,Trained,No-Music,1-3-5,1-3-5,True
695,zNuGxejsczPIjpf2emxu6MomGm82,Intermediate,Trained,No-Music,1-5-1,1-5-1,True
696,zNuGxejsczPIjpf2emxu6MomGm82,Intermediate,Trained,No-Music,1-5-3,1-5-3,True
697,zNuGxejsczPIjpf2emxu6MomGm82,Intermediate,Trained,No-Music,1-3-2,1-3-2,True
698,zNuGxejsczPIjpf2emxu6MomGm82,Intermediate,Trained,No-Music,1-2-3,1-2-3,True
699,zNuGxejsczPIjpf2emxu6MomGm82,Intermediate,Trained,No-Music,1-3-2,1-3-2,True
700,zNuGxejsczPIjpf2emxu6MomGm82,Intermediate,Trained,No-Music,1-5-1,1-5-1,True
701,zNuGxejsczPIjpf2emxu6MomGm82,Intermediate,Trained,No-Music,1-4-1,1-4-1,True
702,zNuGxejsczPIjpf2emxu6MomGm82,Intermediate,Trained,No-Music,1-5-8,1-5-8,True
703,zNuGxejsczPIjpf2emxu6MomGm82,Intermediate,Trained,No-Music,1-5-8,1-5-8,True
704,zNuGxejsczPIjpf2emxu6MomGm82,Intermediate,Trained,Music,1-5-3,1-5-3,True
705,zNuGxejsczPIjpf2emxu6MomGm82,Intermediate,Trained,Music,1-4-1,1-4-1,True
706,zNuGxejsczPIjpf2emxu6MomGm82,Intermediate,Trained,Music,1-5-1,1-5-1,True
707,zNuGxejsczPIjpf2emxu6MomGm82,Intermediate,Trained,Music,1-3-5,1-3-5,True
708,zNuGxejsczPIjpf2emxu6MomGm82,Intermediate,Trained,Music,1-3-5,1-3-5,True
709,zNuGxejsczPIjpf2emxu6MomGm82,Intermediate,Trained,Music,1-3-2,1-3-2,True
710,zNuGxejsczPIjpf2emxu6MomGm82,Intermediate,Trained,Music,1-4-1,1-4-1,True
711,zNuGxejsczPIjpf2emxu6MomGm82,Intermediate,Trained,Music,1-5-1,1-5-1,True
712,zNuGxejsczPIjpf2emxu6MomGm82,Intermediate,Trained,Music,1-5-8,1-5-8,True
713,zNuGxejsczPIjpf2emxu6MomGm82,Intermediate,Trained,Music,1-3-2,1-3-2,True
714,zNuGxejsczPIjpf2emxu6MomGm82,Intermediate,Trained,Music,1-2-3,1-2-3,True
715,zNuGxejsczPIjpf2emxu6MomGm82,Intermediate,Trained,Music,1-2-3,1-2-3,True
716,zNuGxejsczPIjpf2emxu6MomGm82,Intermediate,Trained,Music,1-5-3,1-5-3,True
717,zNuGxejsczPIjpf2emxu6MomGm82,Intermediate,Trained,Music,1-5-8,1-5-8,True
718,Z31kMWcmwlZPIBzuenXuPOjxaet2,Novice,Untrained,No-Music,1-5-8,1-5-8,True
719,Z31kMWcmwlZPIBzuenXuPOjxaet2,Novice,Untrained,No-Music,1-5-1,1-5-1,True
720,Z31kMWcmwlZPIBzuenXuPOjxaet2,Novice,Untrained,No-Music,1-4-1,1-3-2,False
721,Z31kMWcmwlZPIBzuenXuPOjxaet2,Novice,Untrained,No-Music,1-4-1,1-5-3,False
722,Z31kMWcmwlZPIBzuenXuPOjxaet2,Novice,Untrained,No-Music,,1-2-3,False
723,Z31kMWcmwlZPIBzuenXuPOjxaet2,Novice,Untrained,No-Music,1-2-3,1-2-3,True
724,Z31kMWcmwlZPIBzuenXuPOjxaet2,Novice,Untrained,No-Music,,1-4-1,False
725,Z31kMWcmwlZPIBzuenXuPOjxaet2,Novice,Untrained,No-Music,,1-5-1,False
726,Z31kMWcmwlZPIBzuenXuPOjxaet2,Novice,Untrained,No-Music,1-5-8,1-5-8,True
727,Z31kMWcmwlZPIBzuenXuPOjxaet2,Novice,Untrained,No-Music,,1-4-1,False
728,Z31kMWcmwlZPIBzuenXuPOjxaet2,Novice,Untrained,No-Music,1-2-3,1-3-2,False
729,Z31kMWcmwlZPIBzuenXuPOjxaet2,Novice,Untrained,No-Music,1-2-3,1-3-5,False
730,Z31kMWcmwlZPIBzuenXuPOjxaet2,Novice,Untrained,No-Music,1-5-1,1-5-3,False
731,Z31kMWcmwlZPIBzuenXuPOjxaet2,Novice,Untrained,No-Music,,1-3-5,False
732,Z31kMWcmwlZPIBzuenXuPOjxaet2,Novice,Untrained,Music,,1-3-5,False
733,Z31kMWcmwlZPIBzuenXuPOjxaet2,Novice,Untrained,Music,1-4-1,1-5-1,False
734,Z31kMWcmwlZPIBzuenXuPOjxaet2,Novice,Untrained,Music,,1-3-5,False
735,Z31kMWcmwlZPIBzuenXuPOjxaet2,Novice,Untrained,Music,1-5-1,1-5-3,False
736,Z31kMWcmwlZPIBzuenXuPOjxaet2,Novice,Untrained,Music,1-4-1,1-5-1,False
737,Z31kMWcmwlZPIBzuenXuPOjxaet2,Novice,Untrained,Music,1-4-1,1-3-2,False
738,Z31kMWcmwlZPIBzuenXuPOjxaet2,Novice,Untrained,Music,1-2-3,1-3-2,False
739,Z31kMWcmwlZPIBzuenXuPOjxaet2,Novice,Untrained,Music,,1-4-1,False
740,Z31kMWcmwlZPIBzuenXuPOjxaet2,Novice,Untrained,Music,1-2-3,1-2-3,True
741,Z31kMWcmwlZPIBzuenXuPOjxaet2,Novice,Untrained,Music,1-5-8,1-5-8,True
742,Z31kMWcmwlZPIBzuenXuPOjxaet2,Novice,Untrained,Music,1-5-8,1-5-8,True
743,Z31kMWcmwlZPIBzuenXuPOjxaet2,Novice,Untrained,Music,1-2-3,1-2-3,True
744,Z31kMWcmwlZPIBzuenXuPOjxaet2,Novice,Untrained,Music,1-5-1,1-5-3,False
745,Z31kMWcmwlZPIBzuenXuPOjxaet2,Novice,Trained,No-Music,1-2-3,1-4-1,False
746,Z31kMWcmwlZPIBzuenXuPOjxaet2,Novice,Trained,No-Music,1-3-2,1-3-2,True
747,Z31kMWcmwlZPIBzuenXuPOjxaet2,Novice,Trained,No-Music,1-5-3,1-5-3,True
748,Z31kMWcmwlZPIBzuenXuPOjxaet2,Novice,Trained,No-Music,1-3-5,1-5-1,False
749,Z31kMWcmwlZPIBzuenXuPOjxaet2,Novice,Trained,No-Music,1-4-1,1-5-8,False
750,Z31kMWcmwlZPIBzuenXuPOjxaet2,Novice,Trained,No-Music,1-5-1,1-5-1,True
751,Z31kMWcmwlZPIBzuenXuPOjxaet2,Novice,Trained,No-Music,1-4-1,1-4-1,True
752,Z31kMWcmwlZPIBzuenXuPOjxaet2,Novice,Trained,No-Music,1-3-5,1-3-5,True
753,Z31kMWcmwlZPIBzuenXuPOjxaet2,Novice,Trained,No-Music,1-3-2,1-3-2,True
754,Z31kMWcmwlZPIBzuenXuPOjxaet2,Novice,Trained,No-Music,1-2-3,1-2-3,True
755,Z31kMWcmwlZPIBzuenXuPOjxaet2,Novice,Trained,No-Music,1-2-3,1-2-3,True
756,Z31kMWcmwlZPIBzuenXuPOjxaet2,Novice,Trained,No-Music,1-5-8,1-5-8,True
757,Z31kMWcmwlZPIBzuenXuPOjxaet2,Novice,Trained,No-Music,1-3-5,1-3-5,True
758,Z31kMWcmwlZPIBzuenXuPOjxaet2,Novice,Trained,No-Music,1-3-5,1-5-3,False
759,Z31kMWcmwlZPIBzuenXuPOjxaet2,Novice,Trained,Music,1-2-3,1-2-3,True
760,Z31kMWcmwlZPIBzuenXuPOjxaet2,Novice,Trained,Music,1-5-8,1-5-8,True
761,Z31kMWcmwlZPIBzuenXuPOjxaet2,Novice,Trained,Music,1-4-1,1-4-1,True
762,Z31kMWcmwlZPIBzuenXuPOjxaet2,Novice,Trained,Music,1-3-2,1-2-3,False
763,Z31kMWcmwlZPIBzuenXuPOjxaet2,Novice,Trained,Music,1-5-1,1-5-1,True
764,Z31kMWcmwlZPIBzuenXuPOjxaet2,Novice,Trained,Music,1-5-8,1-5-8,True
765,Z31kMWcmwlZPIBzuenXuPOjxaet2,Novice,Trained,Music,1-4-1,1-3-2,False
766,Z31kMWcmwlZPIBzuenXuPOjxaet2,Novice,Trained,Music,1-4-1,1-4-1,True
767,Z31kMWcmwlZPIBzuenXuPOjxaet2,Novice,Trained,Music,1-3-2,1-3-2,True
768,Z31kMWcmwlZPIBzuenXuPOjxaet2,Novice,Trained,Music,1-5-3,1-5-3,True
769,Z31kMWcmwlZPIBzuenXuPOjxaet2,Novice,Trained,Music,1-5-1,1-5-1,True
770,Z31kMWcmwlZPIBzuenXuPOjxaet2,Novice,Trained,Music,1-5-3,1-5-3,True
771,Z31kMWcmwlZPIBzuenXuPOjxaet2,Novice,Trained,Music,,1-3-5,False
772,Z31kMWcmwlZPIBzuenXuPOjxaet2,Novice,Trained,Music,1-3-2,1-3-5,False
773,Euyc6QBkmbPLaF9bpk2JwVVgGB43,Expert,Untrained,No-Music,1-4-1,1-4-1,True
774,Euyc6QBkmbPLaF9bpk2JwVVgGB43,Expert,Untrained,No-Music,1-5-3,1-5-3,True
775,Euyc6QBkmbPLaF9bpk2JwVVgGB43,Expert,Untrained,No-Music,1-5-1,1-5-1,True
776,Euyc6QBkmbPLaF9bpk2JwVVgGB43,Expert,Untrained,No-Music,1-5-3,1-5-3,True
777,Euyc6QBkmbPLaF9bpk2JwVVgGB43,Expert,Untrained,No-Music,,1-2-3,False
778,Euyc6QBkmbPLaF9bpk2JwVVgGB43,Expert,Untrained,No-Music,1-5-3,1-3-5,False
779,Euyc6QBkmbPLaF9bpk2JwVVgGB43,Expert,Untrained,No-Music,1-3-2,1-3-2,True
780,Euyc6QBkmbPLaF9bpk2JwVVgGB43,Expert,Untrained,No-Music,1-4-1,1-4-1,True
781,Euyc6QBkmbPLaF9bpk2JwVVgGB43,Expert,Untrained,No-Music,1-5-8,1-5-8,True
782,Euyc6QBkmbPLaF9bpk2JwVVgGB43,Expert,Untrained,No-Music,,1-2-3,False
783,Euyc6QBkmbPLaF9bpk2JwVVgGB43,Expert,Untrained,No-Music,1-3-2,1-3-2,True
784,Euyc6QBkmbPLaF9bpk2JwVVgGB43,Expert,Untrained,No-Music,1-5-1,1-5-1,True
785,Euyc6QBkmbPLaF9bpk2JwVVgGB43,Expert,Untrained,No-Music,1-5-8,1-5-8,True
786,Euyc6QBkmbPLaF9bpk2JwVVgGB43,Expert,Untrained,No-Music,1-3-5,1-3-5,True
787,Euyc6QBkmbPLaF9bpk2JwVVgGB43,Expert,Untrained,Music,1-5-3,1-5-3,True
788,Euyc6QBkmbPLaF9bpk2JwVVgGB43,Expert,Untrained,Music,1-3-5,1-3-5,True
789,Euyc6QBkmbPLaF9bpk2JwVVgGB43,Expert,Untrained,Music,1-5-8,1-5-8,True
790,Euyc6QBkmbPLaF9bpk2JwVVgGB43,Expert,Untrained,Music,1-5-8,1-5-8,True
791,Euyc6QBkmbPLaF9bpk2JwVVgGB43,Expert,Untrained,Music,1-2-3,1-3-2,False
792,Euyc6QBkmbPLaF9bpk2JwVVgGB43,Expert,Untrained,Music,1-4-1,1-4-1,True
793,Euyc6QBkmbPLaF9bpk2JwVVgGB43,Expert,Untrained,Music,1-5-1,1-5-1,True
794,Euyc6QBkmbPLaF9bpk2JwVVgGB43,Expert,Untrained,Music,1-5-3,1-5-3,True
795,Euyc6QBkmbPLaF9bpk2JwVVgGB43,Expert,Untrained,Music,1-4-1,1-4-1,True
796,Euyc6QBkmbPLaF9bpk2JwVVgGB43,Expert,Untrained,Music,1-5-1,1-5-1,True
797,Euyc6QBkmbPLaF9bpk2JwVVgGB43,Expert,Untrained,Music,1-2-3,1-2-3,True
798,Euyc6QBkmbPLaF9bpk2JwVVgGB43,Expert,Untrained,Music,1-2-3,1-2-3,True
799,Euyc6QBkmbPLaF9bpk2JwVVgGB43,Expert,Untrained,Music,1-3-2,1-3-2,True
800,Euyc6QBkmbPLaF9bpk2JwVVgGB43,Expert,Trained,No-Music,1-5-1,1-5-1,True
801,Euyc6QBkmbPLaF9bpk2JwVVgGB43,Expert,Trained,No-Music,1-3-2,1-3-2,True
802,Euyc6QBkmbPLaF9bpk2JwVVgGB43,Expert,Trained,No-Music,1-2-3,1-2-3,True
803,Euyc6QBkmbPLaF9bpk2JwVVgGB43,Expert,Trained,No-Music,1-4-1,1-4-1,True
804,Euyc6QBkmbPLaF9bpk2JwVVgGB43,Expert,Trained,No-Music,1-4-1,1-4-1,True
805,Euyc6QBkmbPLaF9bpk2JwVVgGB43,Expert,Trained,No-Music,1-5-1,1-5-1,True
806,Euyc6QBkmbPLaF9bpk2JwVVgGB43,Expert,Trained,No-Music,1-5-3,1-5-3,True
807,Euyc6QBkmbPLaF9bpk2JwVVgGB43,Expert,Trained,No-Music,1-5-8,1-5-8,True
808,Euyc6QBkmbPLaF9bpk2JwVVgGB43,Expert,Trained,No-Music,1-3-5,1-3-5,True
809,Euyc6QBkmbPLaF9bpk2JwVVgGB43,Expert,Trained,No-Music,1-5-1,1-3-2,False
810,Euyc6QBkmbPLaF9bpk2JwVVgGB43,Expert,Trained,No-Music,1-2-3,1-2-3,True
811,Euyc6QBkmbPLaF9bpk2JwVVgGB43,Expert,Trained,No-Music,1-5-8,1-5-8,True
812,Euyc6QBkmbPLaF9bpk2JwVVgGB43,Expert,Trained,No-Music,1-5-3,1-5-3,True
813,Euyc6QBkmbPLaF9bpk2JwVVgGB43,Expert,Trained,No-Music,1-3-5,1-3-5,True
814,Euyc6QBkmbPLaF9bpk2JwVVgGB43,Expert,Trained,Music,1-5-1,1-5-1,True
815,Euyc6QBkmbPLaF9bpk2JwVVgGB43,Expert,Trained,Music,1-5-1,1-5-1,True
816,Euyc6QBkmbPLaF9bpk2JwVVgGB43,Expert,Trained,Music,1-3-2,1-3-2,True
817,Euyc6QBkmbPLaF9bpk2JwVVgGB43,Expert,Trained,Music,1-5-8,1-5-8,True
818,Euyc6QBkmbPLaF9bpk2JwVVgGB43,Expert,Trained,Music,1-4-1,1-4-1,True
819,Euyc6QBkmbPLaF9bpk2JwVVgGB43,Expert,Trained,Music,1-3-5,1-3-5,True
820,Euyc6QBkmbPLaF9bpk2JwVVgGB43,Expert,Trained,Music,1-2-3,1-2-3,True
821,Euyc6QBkmbPLaF9bpk2JwVVgGB43,Expert,Trained,Music,1-5-3,1-5-3,True
822,Euyc6QBkmbPLaF9bpk2JwVVgGB43,Expert,Trained,Music,1-3-2,1-4-1,False
823,Euyc6QBkmbPLaF9bpk2JwVVgGB43,Expert,Trained,Music,1-2-3,1-2-3,True
824,Euyc6QBkmbPLaF9bpk2JwVVgGB43,Expert,Trained,Music,1-3-2,1-3-2,True
825,Euyc6QBkmbPLaF9bpk2JwVVgGB43,Expert,Trained,Music,1-5-3,1-5-3,True
826,Euyc6QBkmbPLaF9bpk2JwVVgGB43,Expert,Trained,Music,1-5-8,1-5-8,True
827,Euyc6QBkmbPLaF9bpk2JwVVgGB43,Expert,Trained,Music,1-3-5,1-3-5,True
828,2J4nDRlVNcgNjIwp2I4uTCLJXNW2,Intermediate,Untrained,No-Music,1-5-3,1-5-3,True
829,2J4nDRlVNcgNjIwp2I4uTCLJXNW2,Intermediate,Untrained,No-Music,1-5-8,1-5-8,True
830,2J4nDRlVNcgNjIwp2I4uTCLJXNW2,Intermediate,Untrained,No-Music,1-5-1,1-5-1,True
831,2J4nDRlVNcgNjIwp2I4uTCLJXNW2,Intermediate,Untrained,No-Music,1-5-3,1-5-3,True
832,2J4nDRlVNcgNjIwp2I4uTCLJXNW2,Intermediate,Untrained,No-Music,1-2-3,1-3-2,False
833,2J4nDRlVNcgNjIwp2I4uTCLJXNW2,Intermediate,Untrained,No-Music,1-3-5,1-5-8,False
834,2J4nDRlVNcgNjIwp2I4uTCLJXNW2,Intermediate,Untrained,No-Music,1-4-1,1-4-1,True
835,2J4nDRlVNcgNjIwp2I4uTCLJXNW2,Intermediate,Untrained,No-Music,1-5-1,1-5-1,True
836,2J4nDRlVNcgNjIwp2I4uTCLJXNW2,Intermediate,Untrained,No-Music,1-2-3,1-2-3,True
837,2J4nDRlVNcgNjIwp2I4uTCLJXNW2,Intermediate,Untrained,No-Music,1-3-5,1-3-5,True
838,2J4nDRlVNcgNjIwp2I4uTCLJXNW2,Intermediate,Untrained,No-Music,1-3-2,1-3-2,True
839,2J4nDRlVNcgNjIwp2I4uTCLJXNW2,Intermediate,Untrained,No-Music,1-4-1,1-4-1,True
840,2J4nDRlVNcgNjIwp2I4uTCLJXNW2,Intermediate,Untrained,No-Music,1-2-3,1-3-5,False
841,2J4nDRlVNcgNjIwp2I4uTCLJXNW2,Intermediate,Untrained,No-Music,,1-2-3,False
842,2J4nDRlVNcgNjIwp2I4uTCLJXNW2,Intermediate,Untrained,Music,1-5-8,1-5-8,True
843,2J4nDRlVNcgNjIwp2I4uTCLJXNW2,Intermediate,Untrained,Music,1-4-1,1-4-1,True
844,2J4nDRlVNcgNjIwp2I4uTCLJXNW2,Intermediate,Untrained,Music,1-5-1,1-5-1,True
845,2J4nDRlVNcgNjIwp2I4uTCLJXNW2,Intermediate,Untrained,Music,1-2-3,1-2-3,True
846,2J4nDRlVNcgNjIwp2I4uTCLJXNW2,Intermediate,Untrained,Music,1-3-5,1-5-3,False
847,2J4nDRlVNcgNjIwp2I4uTCLJXNW2,Intermediate,Untrained,Music,1-3-5,1-3-5,True
848,2J4nDRlVNcgNjIwp2I4uTCLJXNW2,Intermediate,Untrained,Music,1-5-8,1-5-8,True
849,2J4nDRlVNcgNjIwp2I4uTCLJXNW2,Intermediate,Untrained,Music,1-5-3,1-3-2,False
850,2J4nDRlVNcgNjIwp2I4uTCLJXNW2,Intermediate,Untrained,Music,1-2-3,1-2-3,True
851,2J4nDRlVNcgNjIwp2I4uTCLJXNW2,Intermediate,Untrained,Music,1-4-1,1-4-1,True
852,2J4nDRlVNcgNjIwp2I4uTCLJXNW2,Intermediate,Untrained,Music,1-5-3,1-5-3,True
853,2J4nDRlVNcgNjIwp2I4uTCLJXNW2,Intermediate,Untrained,Music,1-3-5,1-3-5,True
854,2J4nDRlVNcgNjIwp2I4uTCLJXNW2,Intermediate,Untrained,Music,1-4-1,1-3-2,False
855,2J4nDRlVNcgNjIwp2I4uTCLJXNW2,Intermediate,Trained,No-Music,1-2-3,1-2-3,True
856,2J4nDRlVNcgNjIwp2I4uTCLJXNW2,Intermediate,Trained,No-Music,1-4-1,1-4-1,True
857,2J4nDRlVNcgNjIwp2I4uTCLJXNW2,Intermediate,Trained,No-Music,1-2-3,1-3-2,False
858,2J4nDRlVNcgNjIwp2I4uTCLJXNW2,Intermediate,Trained,No-Music,1-5-8,1-5-8,True
859,2J4nDRlVNcgNjIwp2I4uTCLJXNW2,Intermediate,Trained,No-Music,1-2-3,1-2-3,True
860,2J4nDRlVNcgNjIwp2I4uTCLJXNW2,Intermediate,Trained,No-Music,1-3-5,1-3-5,True
861,2J4nDRlVNcgNjIwp2I4uTCLJXNW2,Intermediate,Trained,No-Music,1-5-1,1-3-2,False
862,2J4nDRlVNcgNjIwp2I4uTCLJXNW2,Intermediate,Trained,No-Music,1-3-5,1-5-3,False
863,2J4nDRlVNcgNjIwp2I4uTCLJXNW2,Intermediate,Trained,No-Music,1-5-8,1-5-8,True
864,2J4nDRlVNcgNjIwp2I4uTCLJXNW2,Intermediate,Trained,No-Music,1-5-1,1-5-1,True
865,2J4nDRlVNcgNjIwp2I4uTCLJXNW2,Intermediate,Trained,No-Music,1-5-3,1-5-3,True
866,2J4nDRlVNcgNjIwp2I4uTCLJXNW2,Intermediate,Trained,No-Music,1-4-1,1-4-1,True
867,2J4nDRlVNcgNjIwp2I4uTCLJXNW2,Intermediate,Trained,No-Music,1-5-1,1-5-1,True
868,2J4nDRlVNcgNjIwp2I4uTCLJXNW2,Intermediate,Trained,No-Music,1-2-3,1-3-5,False
869,2J4nDRlVNcgNjIwp2I4uTCLJXNW2,Intermediate,Trained,Music,1-5-1,1-4-1,False
870,2J4nDRlVNcgNjIwp2I4uTCLJXNW2,Intermediate,Trained,Music,1-3-5,1-3-5,True
871,2J4nDRlVNcgNjIwp2I4uTCLJXNW2,Intermediate,Trained,Music,1-5-3,1-4-1,False
872,2J4nDRlVNcgNjIwp2I4uTCLJXNW2,Intermediate,Trained,Music,1-4-1,1-3-5,False
873,2J4nDRlVNcgNjIwp2I4uTCLJXNW2,Intermediate,Trained,Music,1-5-3,1-3-2,False
874,2J4nDRlVNcgNjIwp2I4uTCLJXNW2,Intermediate,Trained,Music,1-2-3,1-2-3,True
875,2J4nDRlVNcgNjIwp2I4uTCLJXNW2,Intermediate,Trained,Music,1-5-3,1-5-3,True
876,2J4nDRlVNcgNjIwp2I4uTCLJXNW2,Intermediate,Trained,Music,1-5-3,1-5-3,True
877,2J4nDRlVNcgNjIwp2I4uTCLJXNW2,Intermediate,Trained,Music,1-2-3,1-2-3,True
878,2J4nDRlVNcgNjIwp2I4uTCLJXNW2,Intermediate,Trained,Music,1-5-8,1-5-8,True
879,2J4nDRlVNcgNjIwp2I4uTCLJXNW2,Intermediate,Trained,Music,1-3-2,1-3-2,True
880,2J4nDRlVNcgNjIwp2I4uTCLJXNW2,Intermediate,Trained,Music,1-5-1,1-5-1,True
881,2J4nDRlVNcgNjIwp2I4uTCLJXNW2,Intermediate,Trained,Music,1-5-1,1-5-1,True
882,2J4nDRlVNcgNjIwp2I4uTCLJXNW2,Intermediate,Trained,Music,1-5-8,1-5-8,True
883,wZ6tGHxzM8hz5kkiAtfI7acaBe12,Expert,Untrained,No-Music,1-3-5,1-3-5,True
884,wZ6tGHxzM8hz5kkiAtfI7acaBe12,Expert,Untrained,No-Music,1-4-1,1-4-1,True
885,wZ6tGHxzM8hz5kkiAtfI7acaBe12,Expert,Untrained,No-Music,1-5-3,1-3-2,False
886,wZ6tGHxzM8hz5kkiAtfI7acaBe12,Expert,Untrained,No-Music,,1-5-8,False
887,wZ6tGHxzM8hz5kkiAtfI7acaBe12,Expert,Untrained,No-Music,1-2-3,1-2-3,True
888,wZ6tGHxzM8hz5kkiAtfI7acaBe12,Expert,Untrained,No-Music,1-5-1,1-5-1,True
889,wZ6tGHxzM8hz5kkiAtfI7acaBe12,Expert,Untrained,No-Music,1-5-1,1-5-1,True
890,wZ6tGHxzM8hz5kkiAtfI7acaBe12,Expert,Untrained,No-Music,1-4-1,1-3-2,False
891,wZ6tGHxzM8hz5kkiAtfI7acaBe12,Expert,Untrained,No-Music,1-3-5,1-3-5,True
892,wZ6tGHxzM8hz5kkiAtfI7acaBe12,Expert,Untrained,No-Music,1-2-3,1-2-3,True
893,wZ6tGHxzM8hz5kkiAtfI7acaBe12,Expert,Untrained,No-Music,1-5-3,1-5-3,True
894,wZ6tGHxzM8hz5kkiAtfI7acaBe12,Expert,Untrained,No-Music,1-4-1,1-4-1,True
895,wZ6tGHxzM8hz5kkiAtfI7acaBe12,Expert,Untrained,No-Music,1-5-3,1-5-3,True
896,wZ6tGHxzM8hz5kkiAtfI7acaBe12,Expert,Untrained,No-Music,1-5-8,1-5-8,True
897,wZ6tGHxzM8hz5kkiAtfI7acaBe12,Expert,Untrained,Music,1-5-8,1-5-8,True
898,wZ6tGHxzM8hz5kkiAtfI7acaBe12,Expert,Untrained,Music,1-5-1,1-5-1,True
899,wZ6tGHxzM8hz5kkiAtfI7acaBe12,Expert,Untrained,Music,1-3-5,1-3-5,True
900,wZ6tGHxzM8hz5kkiAtfI7acaBe12,Expert,Untrained,Music,1-2-3,1-2-3,True
901,wZ6tGHxzM8hz5kkiAtfI7acaBe12,Expert,Untrained,Music,1-4-1,1-4-1,True
902,wZ6tGHxzM8hz5kkiAtfI7acaBe12,Expert,Untrained,Music,1-5-3,1-5-3,True
903,wZ6tGHxzM8hz5kkiAtfI7acaBe12,Expert,Untrained,Music,1-3-2,1-3-2,True
904,wZ6tGHxzM8hz5kkiAtfI7acaBe12,Expert,Untrained,Music,1-2-3,1-2-3,True
905,wZ6tGHxzM8hz5kkiAtfI7acaBe12,Expert,Untrained,Music,1-5-8,1-5-8,True
906,wZ6tGHxzM8hz5kkiAtfI7acaBe12,Expert,Untrained,Music,1-3-5,1-3-5,True
907,wZ6tGHxzM8hz5kkiAtfI7acaBe12,Expert,Untrained,Music,1-3-5,1-5-3,False
908,wZ6tGHxzM8hz5kkiAtfI7acaBe12,Expert,Untrained,Music,1-3-2,1-3-2,True
909,wZ6tGHxzM8hz5kkiAtfI7acaBe12,Expert,Untrained,Music,1-5-1,1-5-1,True
910,wZ6tGHxzM8hz5kkiAtfI7acaBe12,Expert,Untrained,Music,1-4-1,1-4-1,True
911,wZ6tGHxzM8hz5kkiAtfI7acaBe12,Expert,Trained,No-Music,1-3-2,1-3-2,True
912,wZ6tGHxzM8hz5kkiAtfI7acaBe12,Expert,Trained,No-Music,1-4-1,1-4-1,True
913,wZ6tGHxzM8hz5kkiAtfI7acaBe12,Expert,Trained,No-Music,1-5-1,1-5-1,True
914,wZ6tGHxzM8hz5kkiAtfI7acaBe12,Expert,Trained,No-Music,1-3-5,1-3-5,True
915,wZ6tGHxzM8hz5kkiAtfI7acaBe12,Expert,Trained,No-Music,1-3-5,1-3-5,True
916,wZ6tGHxzM8hz5kkiAtfI7acaBe12,Expert,Trained,No-Music,1-3-2,1-3-2,True
917,wZ6tGHxzM8hz5kkiAtfI7acaBe12,Expert,Trained,No-Music,1-5-8,1-5-8,True
918,wZ6tGHxzM8hz5kkiAtfI7acaBe12,Expert,Trained,No-Music,1-5-8,1-5-8,True
919,wZ6tGHxzM8hz5kkiAtfI7acaBe12,Expert,Trained,No-Music,1-5-1,1-5-1,True
920,wZ6tGHxzM8hz5kkiAtfI7acaBe12,Expert,Trained,No-Music,1-4-1,1-4-1,True
921,wZ6tGHxzM8hz5kkiAtfI7acaBe12,Expert,Trained,No-Music,1-2-3,1-2-3,True
922,wZ6tGHxzM8hz5kkiAtfI7acaBe12,Expert,Trained,No-Music,1-5-3,1-5-3,True
923,wZ6tGHxzM8hz5kkiAtfI7acaBe12,Expert,Trained,No-Music,1-2-3,1-2-3,True
924,wZ6tGHxzM8hz5kkiAtfI7acaBe12,Expert,Trained,No-Music,1-5-3,1-5-3,True
925,wZ6tGHxzM8hz5kkiAtfI7acaBe12,Expert,Trained,Music,1-4-1,1-4-1,True
926,wZ6tGHxzM8hz5kkiAtfI7acaBe12,Expert,Trained,Music,1-3-5,1-3-5,True
927,wZ6tGHxzM8hz5kkiAtfI7acaBe12,Expert,Trained,Music,1-3-5,1-3-5,True
928,wZ6tGHxzM8hz5kkiAtfI7acaBe12,Expert,Trained,Music,1-4-1,1-4-1,True
929,wZ6tGHxzM8hz5kkiAtfI7acaBe12,Expert,Trained,Music,1-5-1,1-5-1,True
930,wZ6tGHxzM8hz5kkiAtfI7acaBe12,Expert,Trained,Music,1-5-1,1-5-1,True
931,wZ6tGHxzM8hz5kkiAtfI7acaBe12,Expert,Trained,Music,1-3-5,1-5-3,False
932,wZ6tGHxzM8hz5kkiAtfI7acaBe12,Expert,Trained,Music,1-5-3,1-5-3,True
933,wZ6tGHxzM8hz5kkiAtfI7acaBe12,Expert,Trained,Music,1-3-2,1-3-2,True
934,wZ6tGHxzM8hz5kkiAtfI7acaBe12,Expert,Trained,Music,1-2-3,1-2-3,True
935,wZ6tGHxzM8hz5kkiAtfI7acaBe12,Expert,Trained,Music,1-5-8,1-5-8,True
936,wZ6tGHxzM8hz5kkiAtfI7acaBe12,Expert,Trained,Music,1-3-2,1-3-2,True
937,wZ6tGHxzM8hz5kkiAtfI7acaBe12,Expert,Trained,Music,1-5-8,1-5-8,True
938,wZ6tGHxzM8hz5kkiAtfI7acaBe12,Expert,Trained,Music,1-2-3,1-2-3,True
939,afuxcE0uc6NrDO8XASgRVK4zPBZ2,Intermediate,Untrained,No-Music,1-5-3,1-5-3,True
940,afuxcE0uc6NrDO8XASgRVK4zPBZ2,Intermediate,Untrained,No-Music,1-3-5,1-3-5,True
941,afuxcE0uc6NrDO8XASgRVK4zPBZ2,Intermediate,Untrained,No-Music,1-4-1,1-4-1,True
942,afuxcE0uc6NrDO8XASgRVK4zPBZ2,Intermediate,Untrained,No-Music,1-3-2,1-3-2,True
943,afuxcE0uc6NrDO8XASgRVK4zPBZ2,Intermediate,Untrained,No-Music,1-3-2,1-3-2,True
944,afuxcE0uc6NrDO8XASgRVK4zPBZ2,Intermediate,Untrained,No-Music,1-5-8,1-5-8,True
945,afuxcE0uc6NrDO8XASgRVK4zPBZ2,Intermediate,Untrained,No-Music,1-5-1,1-5-1,True
946,afuxcE0uc6NrDO8XASgRVK4zPBZ2,Intermediate,Untrained,No-Music,1-5-1,1-5-1,True
947,afuxcE0uc6NrDO8XASgRVK4zPBZ2,Intermediate,Untrained,No-Music,1-3-2,1-4-1,False
948,afuxcE0uc6NrDO8XASgRVK4zPBZ2,Intermediate,Untrained,No-Music,1-5-3,1-5-3,True
949,afuxcE0uc6NrDO8XASgRVK4zPBZ2,Intermediate,Untrained,No-Music,1-2-3,1-2-3,True
950,afuxcE0uc6NrDO8XASgRVK4zPBZ2,Intermediate,Untrained,No-Music,1-3-5,1-3-5,True
951,afuxcE0uc6NrDO8XASgRVK4zPBZ2,Intermediate,Untrained,No-Music,1-5-8,1-5-8,True
952,afuxcE0uc6NrDO8XASgRVK4zPBZ2,Intermediate,Untrained,No-Music,1-2-3,1-2-3,True
953,afuxcE0uc6NrDO8XASgRVK4zPBZ2,Intermediate,Untrained,Music,,1-3-5,False
954,afuxcE0uc6NrDO8XASgRVK4zPBZ2,Intermediate,Untrained,Music,,1-2-3,False
955,afuxcE0uc6NrDO8XASgRVK4zPBZ2,Intermediate,Untrained,Music,,1-4-1,False
956,afuxcE0uc6NrDO8XASgRVK4zPBZ2,Intermediate,Untrained,Music,,1-5-3,False
957,afuxcE0uc6NrDO8XASgRVK4zPBZ2,Intermediate,Untrained,Music,1-4-1,1-2-3,False
958,afuxcE0uc6NrDO8XASgRVK4zPBZ2,Intermediate,Untrained,Music,1-3-5,1-3-5,True
959,afuxcE0uc6NrDO8XASgRVK4zPBZ2,Intermediate,Untrained,Music,,1-4-1,False
960,afuxcE0uc6NrDO8XASgRVK4zPBZ2,Intermediate,Untrained,Music,1-3-2,1-3-2,True
961,afuxcE0uc6NrDO8XASgRVK4zPBZ2,Intermediate,Untrained,Music,1-5-8,1-5-8,True
962,afuxcE0uc6NrDO8XASgRVK4zPBZ2,Intermediate,Untrained,Music,1-3-2,1-3-2,True
963,afuxcE0uc6NrDO8XASgRVK4zPBZ2,Intermediate,Untrained,Music,1-5-3,1-5-3,True
964,afuxcE0uc6NrDO8XASgRVK4zPBZ2,Intermediate,Untrained,Music,1-5-1,1-5-1,True
965,afuxcE0uc6NrDO8XASgRVK4zPBZ2,Intermediate,Untrained,Music,1-5-1,1-5-1,True
966,afuxcE0uc6NrDO8XASgRVK4zPBZ2,Intermediate,Trained,No-Music,1-3-5,1-3-5,True
967,afuxcE0uc6NrDO8XASgRVK4zPBZ2,Intermediate,Trained,No-Music,1-2-3,1-2-3,True
968,afuxcE0uc6NrDO8XASgRVK4zPBZ2,Intermediate,Trained,No-Music,1-5-8,1-5-8,True
969,afuxcE0uc6NrDO8XASgRVK4zPBZ2,Intermediate,Trained,No-Music,1-5-8,1-5-8,True
970,afuxcE0uc6NrDO8XASgRVK4zPBZ2,Intermediate,Trained,No-Music,1-3-5,1-3-5,True
971,afuxcE0uc6NrDO8XASgRVK4zPBZ2,Intermediate,Trained,No-Music,1-5-3,1-4-1,False
972,afuxcE0uc6NrDO8XASgRVK4zPBZ2,Intermediate,Trained,No-Music,1-4-1,1-4-1,True
973,afuxcE0uc6NrDO8XASgRVK4zPBZ2,Intermediate,Trained,No-Music,1-5-1,1-5-1,True
974,afuxcE0uc6NrDO8XASgRVK4zPBZ2,Intermediate,Trained,No-Music,1-3-2,1-3-2,True
975,afuxcE0uc6NrDO8XASgRVK4zPBZ2,Intermediate,Trained,No-Music,1-5-3,1-5-3,True
976,afuxcE0uc6NrDO8XASgRVK4zPBZ2,Intermediate,Trained,No-Music,1-5-1,1-5-1,True
977,afuxcE0uc6NrDO8XASgRVK4zPBZ2,Intermediate,Trained,No-Music,1-2-3,1-2-3,True
978,afuxcE0uc6NrDO8XASgRVK4zPBZ2,Intermediate,Trained,No-Music,1-3-2,1-3-2,True
979,afuxcE0uc6NrDO8XASgRVK4zPBZ2,Intermediate,Trained,No-Music,1-5-3,1-5-3,True
980,afuxcE0uc6NrDO8XASgRVK4zPBZ2,Intermediate,Trained,Music,1-4-1,1-5-1,False
981,afuxcE0uc6NrDO8XASgRVK4zPBZ2,Intermediate,Trained,Music,1-4-1,1-4-1,True
982,afuxcE0uc6NrDO8XASgRVK4zPBZ2,Intermediate,Trained,Music,1-3-2,1-3-2,True
983,afuxcE0uc6NrDO8XASgRVK4zPBZ2,Intermediate,Trained,Music,1-5-3,1-5-3,True
984,afuxcE0uc6NrDO8XASgRVK4zPBZ2,Intermediate,Trained,Music,1-3-2,1-4-1,False
985,afuxcE0uc6NrDO8XASgRVK4zPBZ2,Intermediate,Trained,Music,1-3-5,1-3-5,True
986,afuxcE0uc6NrDO8XASgRVK4zPBZ2,Intermediate,Trained,Music,1-2-3,1-2-3,True
987,afuxcE0uc6NrDO8XASgRVK4zPBZ2,Intermediate,Trained,Music,1-5-1,1-5-1,True
988,afuxcE0uc6NrDO8XASgRVK4zPBZ2,Intermediate,Trained,Music,1-5-3,1-5-3,True
989,afuxcE0uc6NrDO8XASgRVK4zPBZ2,Intermediate,Trained,Music,1-2-3,1-2-3,True
990,afuxcE0uc6NrDO8XASgRVK4zPBZ2,Intermediate,Trained,Music,1-3-5,1-3-5,True
991,afuxcE0uc6NrDO8XASgRVK4zPBZ2,Intermediate,Trained,Music,1-5-8,1-5-8,True
992,afuxcE0uc6NrDO8XASgRVK4zPBZ2,Intermediate,Trained,Music,1-3-2,1-3-2,True
993,afuxcE0uc6NrDO8XASgRVK4zPBZ2,Intermediate,Trained,Music,1-5-8,1-5-8,True
994,NXZSUcmsVQWmtQhsDAc8nA9qZZs1,Novice,Untrained,No-Music,1-5-3,1-4-1,False
995,NXZSUcmsVQWmtQhsDAc8nA9qZZs1,Novice,Untrained,No-Music,1-4-1,1-5-1,False
996,NXZSUcmsVQWmtQhsDAc8nA9qZZs1,Novice,Untrained,No-Music,1-2-3,1-3-5,False
997,NXZSUcmsVQWmtQhsDAc8nA9qZZs1,Novice,Untrained,No-Music,1-5-8,1-5-8,True
998,NXZSUcmsVQWmtQhsDAc8nA9qZZs1,Novice,Untrained,No-Music,1-5-3,1-5-3,True
999,NXZSUcmsVQWmtQhsDAc8nA9qZZs1,Novice,Untrained,No-Music,1-3-2,1-3-2,True
1000,NXZSUcmsVQWmtQhsDAc8nA9qZZs1,Novice,Untrained,No-Music,1-5-8,1-5-8,True
1001,NXZSUcmsVQWmtQhsDAc8nA9qZZs1,Novice,Untrained,No-Music,1-2-3,1-2-3,True
1002,NXZSUcmsVQWmtQhsDAc8nA9qZZs1,Novice,Untrained,No-Music,1-5-3,1-5-3,True
1003,NXZSUcmsVQWmtQhsDAc8nA9qZZs1,Novice,Untrained,No-Music,1-3-2,1-3-2,True
1004,NXZSUcmsVQWmtQhsDAc8nA9qZZs1,Novice,Untrained,No-Music,1-2-3,1-2-3,True
1005,NXZSUcmsVQWmtQhsDAc8nA9qZZs1,Novice,Untrained,No-Music,1-4-1,1-5-1,False
1006,NXZSUcmsVQWmtQhsDAc8nA9qZZs1,Novice,Untrained,No-Music,1-4-1,1-4-1,True
1007,NXZSUcmsVQWmtQhsDAc8nA9qZZs1,Novice,Untrained,No-Music,1-3-5,1-3-5,True
1008,NXZSUcmsVQWmtQhsDAc8nA9qZZs1,Novice,Untrained,Music,,1-5-8,False
1009,NXZSUcmsVQWmtQhsDAc8nA9qZZs1,Novice,Untrained,Music,,1-2-3,False
1010,NXZSUcmsVQWmtQhsDAc8nA9qZZs1,Novice,Untrained,Music,,1-5-3,False
1011,NXZSUcmsVQWmtQhsDAc8nA9qZZs1,Novice,Untrained,Music,,1-5-1,False
1012,NXZSUcmsVQWmtQhsDAc8nA9qZZs1,Novice,Untrained,Music,1-5-3,1-4-1,False
1013,NXZSUcmsVQWmtQhsDAc8nA9qZZs1,Novice,Untrained,Music,1-2-3,1-5-1,False
1014,NXZSUcmsVQWmtQhsDAc8nA9qZZs1,Novice,Untrained,Music,1-5-8,1-3-2,False
1015,NXZSUcmsVQWmtQhsDAc8nA9qZZs1,Novice,Untrained,Music,1-5-8,1-5-8,True
1016,NXZSUcmsVQWmtQhsDAc8nA9qZZs1,Novice,Untrained,Music,1-2-3,1-3-2,False
1017,NXZSUcmsVQWmtQhsDAc8nA9qZZs1,Novice,Untrained,Music,1-5-3,1-5-3,True
1018,NXZSUcmsVQWmtQhsDAc8nA9qZZs1,Novice,Untrained,Music,1-3-5,1-3-5,True
1019,NXZSUcmsVQWmtQhsDAc8nA9qZZs1,Novice,Untrained,Music,1-2-3,1-2-3,True
1020,NXZSUcmsVQWmtQhsDAc8nA9qZZs1,Novice,Untrained,Music,1-3-2,1-4-1,False
1021,NXZSUcmsVQWmtQhsDAc8nA9qZZs1,Novice,Untrained,Music,1-3-5,1-3-5,True
1022,NXZSUcmsVQWmtQhsDAc8nA9qZZs1,Novice,Trained,No-Music,,1-2-3,False
1023,NXZSUcmsVQWmtQhsDAc8nA9qZZs1,Novice,Trained,No-Music,1-4-1,1-4-1,True
1024,NXZSUcmsVQWmtQhsDAc8nA9qZZs1,Novice,Trained,No-Music,,1-3-2,False
1025,NXZSUcmsVQWmtQhsDAc8nA9qZZs1,Novice,Trained,No-Music,,1-5-1,False
1026,NXZSUcmsVQWmtQhsDAc8nA9qZZs1,Novice,Trained,No-Music,1-4-1,1-5-3,False
1027,NXZSUcmsVQWmtQhsDAc8nA9qZZs1,Novice,Trained,No-Music,,1-3-2,False
1028,NXZSUcmsVQWmtQhsDAc8nA9qZZs1,Novice,Trained,No-Music,1-4-1,1-5-3,False
1029,NXZSUcmsVQWmtQhsDAc8nA9qZZs1,Novice,Trained,No-Music,1-3-5,1-5-8,False
1030,NXZSUcmsVQWmtQhsDAc8nA9qZZs1,Novice,Trained,No-Music,,1-5-1,False
1031,NXZSUcmsVQWmtQhsDAc8nA9qZZs1,Novice,Trained,No-Music,1-4-1,1-4-1,True
1032,NXZSUcmsVQWmtQhsDAc8nA9qZZs1,Novice,Trained,No-Music,,1-3-5,False
1033,NXZSUcmsVQWmtQhsDAc8nA9qZZs1,Novice,Trained,No-Music,1-4-1,1-2-3,False
1034,NXZSUcmsVQWmtQhsDAc8nA9qZZs1,Novice,Trained,No-Music,1-3-5,1-3-5,True
1035,NXZSUcmsVQWmtQhsDAc8nA9qZZs1,Novice,Trained,No-Music,,1-5-8,False
1036,NXZSUcmsVQWmtQhsDAc8nA9qZZs1,Novice,Trained,Music,,1-2-3,False
1037,NXZSUcmsVQWmtQhsDAc8nA9qZZs1,Novice,Trained,Music,,1-5-8,False
1038,NXZSUcmsVQWmtQhsDAc8nA9qZZs1,Novice,Trained,Music,,1-5-3,False
1039,NXZSUcmsVQWmtQhsDAc8nA9qZZs1,Novice,Trained,Music,,1-2-3,False
1040,NXZSUcmsVQWmtQhsDAc8nA9qZZs1,Novice,Trained,Music,,1-5-1,False
1041,NXZSUcmsVQWmtQhsDAc8nA9qZZs1,Novice,Trained,Music,1-5-3,1-5-3,True
1042,NXZSUcmsVQWmtQhsDAc8nA9qZZs1,Novice,Trained,Music,1-4-1,1-4-1,True
1043,NXZSUcmsVQWmtQhsDAc8nA9qZZs1,Novice,Trained,Music,1-4-1,1-3-2,False
1044,NXZSUcmsVQWmtQhsDAc8nA9qZZs1,Novice,Trained,Music,,1-4-1,False
1045,NXZSUcmsVQWmtQhsDAc8nA9qZZs1,Novice,Trained,Music,1-3-2,1-5-8,False
1046,NXZSUcmsVQWmtQhsDAc8nA9qZZs1,Novice,Trained,Music,1-4-1,1-5-1,False
1047,NXZSUcmsVQWmtQhsDAc8nA9qZZs1,Novice,Trained,Music,1-4-1,1-3-5,False
1048,NXZSUcmsVQWmtQhsDAc8nA9qZZs1,Novice,Trained,Music,,1-3-2,False
1049,mNy8hOQrzjaIYD6r1OPQJQBafA32,Novice,Untrained,No-Music,1-3-2,1-4-1,False
1050,mNy8hOQrzjaIYD6r1OPQJQBafA32,Novice,Untrained,No-Music,1-5-3,1-5-3,True
1051,mNy8hOQrzjaIYD6r1OPQJQBafA32,Novice,Untrained,No-Music,1-3-5,1-3-5,True
1052,mNy8hOQrzjaIYD6r1OPQJQBafA32,Novice,Untrained,No-Music,1-5-8,1-5-8,True
1053,mNy8hOQrzjaIYD6r1OPQJQBafA32,Novice,Untrained,No-Music,1-4-1,1-5-1,False
1054,mNy8hOQrzjaIYD6r1OPQJQBafA32,Novice,Untrained,No-Music,1-3-5,1-3-5,True
1055,mNy8hOQrzjaIYD6r1OPQJQBafA32,Novice,Untrained,No-Music,1-5-1,1-5-1,True
1056,mNy8hOQrzjaIYD6r1OPQJQBafA32,Novice,Untrained,No-Music,1-4-1,1-4-1,True
1057,mNy8hOQrzjaIYD6r1OPQJQBafA32,Novice,Untrained,No-Music,1-4-1,1-3-2,False
1058,mNy8hOQrzjaIYD6r1OPQJQBafA32,Novice,Untrained,No-Music,1-4-1,1-2-3,False
1059,mNy8hOQrzjaIYD6r1OPQJQBafA32,Novice,Untrained,No-Music,1-5-8,1-5-8,True
1060,mNy8hOQrzjaIYD6r1OPQJQBafA32,Novice,Untrained,No-Music,1-2-3,1-2-3,True
1061,mNy8hOQrzjaIYD6r1OPQJQBafA32,Novice,Untrained,No-Music,1-3-2,1-3-2,True
1062,mNy8hOQrzjaIYD6r1OPQJQBafA32,Novice,Untrained,No-Music,1-4-1,1-5-3,False
1063,mNy8hOQrzjaIYD6r1OPQJQBafA32,Novice,Untrained,Music,,1-2-3,False
1064,mNy8hOQrzjaIYD6r1OPQJQBafA32,Novice,Untrained,Music,1-3-2,1-3-5,False
1065,mNy8hOQrzjaIYD6r1OPQJQBafA32,Novice,Untrained,Music,1-4-1,1-5-1,False
1066,mNy8hOQrzjaIYD6r1OPQJQBafA32,Novice,Untrained,Music,,1-3-2,False
1067,mNy8hOQrzjaIYD6r1OPQJQBafA32,Novice,Untrained,Music,1-5-8,1-5-8,True
1068,mNy8hOQrzjaIYD6r1OPQJQBafA32,Novice,Untrained,Music,,1-5-3,False
1069,mNy8hOQrzjaIYD6r1OPQJQBafA32,Novice,Untrained,Music,1-5-1,1-5-1,True
1070,mNy8hOQrzjaIYD6r1OPQJQBafA32,Novice,Untrained,Music,,1-5-8,False
1071,mNy8hOQrzjaIYD6r1OPQJQBafA32,Novice,Untrained,Music,,1-4-1,False
1072,mNy8hOQrzjaIYD6r1OPQJQBafA32,Novice,Untrained,Music,,1-3-5,False
1073,mNy8hOQrzjaIYD6r1OPQJQBafA32,Novice,Untrained,Music,1-3-5,1-5-3,False
1074,mNy8hOQrzjaIYD6r1OPQJQBafA32,Novice,Untrained,Music,1-3-2,1-2-3,False
1075,mNy8hOQrzjaIYD6r1OPQJQBafA32,Novice,Untrained,Music,,1-4-1,False
1076,mNy8hOQrzjaIYD6r1OPQJQBafA32,Novice,Untrained,Music,1-3-2,1-3-2,True
1077,mNy8hOQrzjaIYD6r1OPQJQBafA32,Novice,Trained,No-Music,1-4-1,1-4-1,True
1078,mNy8hOQrzjaIYD6r1OPQJQBafA32,Novice,Trained,No-Music,1-2-3,1-2-3,True
1079,mNy8hOQrzjaIYD6r1OPQJQBafA32,Novice,Trained,No-Music,1-5-3,1-5-3,True
1080,mNy8hOQrzjaIYD6r1OPQJQBafA32,Novice,Trained,No-Music,1-3-5,1-3-5,True
1081,mNy8hOQrzjaIYD6r1OPQJQBafA32,Novice,Trained,No-Music,1-4-1,1-4-1,True
1082,mNy8hOQrzjaIYD6r1OPQJQBafA32,Novice,Trained,No-Music,1-5-8,1-5-8,True
1083,mNy8hOQrzjaIYD6r1OPQJQBafA32,Novice,Trained,No-Music,1-3-5,1-3-5,True
1084,mNy8hOQrzjaIYD6r1OPQJQBafA32,Novice,Trained,No-Music,1-5-1,1-5-1,True
1085,mNy8hOQrzjaIYD6r1OPQJQBafA32,Novice,Trained,No-Music,1-3-2,1-3-2,True
1086,mNy8hOQrzjaIYD6r1OPQJQBafA32,Novice,Trained,No-Music,1-5-8,1-5-8,True
1087,mNy8hOQrzjaIYD6r1OPQJQBafA32,Novice,Trained,No-Music,1-3-5,1-2-3,False
1088,mNy8hOQrzjaIYD6r1OPQJQBafA32,Novice,Trained,No-Music,1-3-2,1-3-2,True
1089,mNy8hOQrzjaIYD6r1OPQJQBafA32,Novice,Trained,No-Music,1-5-1,1-5-1,True
1090,mNy8hOQrzjaIYD6r1OPQJQBafA32,Novice,Trained,No-Music,1-5-1,1-5-3,False
1091,mNy8hOQrzjaIYD6r1OPQJQBafA32,Novice,Trained,Music,,1-5-1,False
1092,mNy8hOQrzjaIYD6r1OPQJQBafA32,Novice,Trained,Music,1-3-5,1-3-5,True
1093,mNy8hOQrzjaIYD6r1OPQJQBafA32,Novice,Trained,Music,1-5-1,1-5-1,True
1094,mNy8hOQrzjaIYD6r1OPQJQBafA32,Novice,Trained,Music,1-5-8,1-5-8,True
1095,mNy8hOQrzjaIYD6r1OPQJQBafA32,Novice,Trained,Music,1-3-2,1-3-2,True
1096,mNy8hOQrzjaIYD6r1OPQJQBafA32,Novice,Trained,Music,,1-3-2,False
1097,mNy8hOQrzjaIYD6r1OPQJQBafA32,Novice,Trained,Music,1-5-3,1-4-1,False
1098,mNy8hOQrzjaIYD6r1OPQJQBafA32,Novice,Trained,Music,1-5-3,1-5-3,True
1099,mNy8hOQrzjaIYD6r1OPQJQBafA32,Novice,Trained,Music,1-2-3,1-2-3,True
1100,mNy8hOQrzjaIYD6r1OPQJQBafA32,Novice,Trained,Music,1-4-1,1-4-1,True
1101,mNy8hOQrzjaIYD6r1OPQJQBafA32,Novice,Trained,Music,1-3-5,1-3-5,True
1102,mNy8hOQrzjaIYD6r1OPQJQBafA32,Novice,Trained,Music,1-5-3,1-5-3,True
1103,mNy8hOQrzjaIYD6r1OPQJQBafA32,Novice,Trained,Music,1-2-3,1-2-3,True
1104,mNy8hOQrzjaIYD6r1OPQJQBafA32,Novice,Trained,Music,1-5-8,1-5-8,True
1105,RIneOAfWA6POfHcHOoYEDG1BF6T2,Expert,Untrained,No-Music,1-2-3,1-2-3,True
1106,RIneOAfWA6POfHcHOoYEDG1BF6T2,Expert,Untrained,No-Music,1-4-1,1-4-1,True
1107,RIneOAfWA6POfHcHOoYEDG1BF6T2,Expert,Untrained,No-Music,1-5-3,1-5-3,True
1108,RIneOAfWA6POfHcHOoYEDG1BF6T2,Expert,Untrained,No-Music,1-2-3,1-2-3,True
1109,RIneOAfWA6POfHcHOoYEDG1BF6T2,Expert,Untrained,No-Music,1-3-2,1-3-2,True
1110,RIneOAfWA6POfHcHOoYEDG1BF6T2,Expert,Untrained,No-Music,1-3-5,1-3-5,True
1111,RIneOAfWA6POfHcHOoYEDG1BF6T2,Expert,Untrained,No-Music,1-5-8,1-5-8,True
1112,RIneOAfWA6POfHcHOoYEDG1BF6T2,Expert,Untrained,No-Music,1-5-1,1-5-1,True
1113,RIneOAfWA6POfHcHOoYEDG1BF6T2,Expert,Untrained,No-Music,1-3-2,1-3-2,True
1114,RIneOAfWA6POfHcHOoYEDG1BF6T2,Expert,Untrained,No-Music,1-4-1,1-4-1,True
1115,RIneOAfWA6POfHcHOoYEDG1BF6T2,Expert,Untrained,No-Music,1-5-3,1-5-3,True
1116,RIneOAfWA6POfHcHOoYEDG1BF6T2,Expert,Untrained,No-Music,1-4-1,1-5-1,False
1117,RIneOAfWA6POfHcHOoYEDG1BF6T2,Expert,Untrained,No-Music,1-5-8,1-5-8,True
1118,RIneOAfWA6POfHcHOoYEDG1BF6T2,Expert,Untrained,Music,1-5-8,1-5-8,True
1119,RIneOAfWA6POfHcHOoYEDG1BF6T2,Expert,Untrained,Music,1-3-5,1-3-5,True
1120,RIneOAfWA6POfHcHOoYEDG1BF6T2,Expert,Untrained,Music,1-4-1,1-4-1,True
1121,RIneOAfWA6POfHcHOoYEDG1BF6T2,Expert,Untrained,Music,1-4-1,1-4-1,True
1122,RIneOAfWA6POfHcHOoYEDG1BF6T2,Expert,Untrained,Music,1-5-1,1-5-1,True
1123,RIneOAfWA6POfHcHOoYEDG1BF6T2,Expert,Untrained,Music,1-2-3,1-3-5,False
1124,RIneOAfWA6POfHcHOoYEDG1BF6T2,Expert,Untrained,Music,1-5-3,1-5-3,True
1125,RIneOAfWA6POfHcHOoYEDG1BF6T2,Expert,Untrained,Music,1-2-3,1-2-3,True
1126,RIneOAfWA6POfHcHOoYEDG1BF6T2,Expert,Untrained,Music,1-4-1,1-3-2,False
1127,RIneOAfWA6POfHcHOoYEDG1BF6T2,Expert,Untrained,Music,1-4-1,1-5-3,False
1128,RIneOAfWA6POfHcHOoYEDG1BF6T2,Expert,Untrained,Music,1-5-8,1-5-8,True
1129,RIneOAfWA6POfHcHOoYEDG1BF6T2,Expert,Untrained,Music,1-2-3,1-2-3,True
1130,RIneOAfWA6POfHcHOoYEDG1BF6T2,Expert,Untrained,Music,1-4-1,1-3-2,False
1131,RIneOAfWA6POfHcHOoYEDG1BF6T2,Expert,Untrained,Music,1-5-1,1-5-1,True
1132,RIneOAfWA6POfHcHOoYEDG1BF6T2,Expert,Trained,No-Music,1-5-3,1-5-3,True
1133,RIneOAfWA6POfHcHOoYEDG1BF6T2,Expert,Trained,No-Music,1-4-1,1-4-1,True
1134,RIneOAfWA6POfHcHOoYEDG1BF6T2,Expert,Trained,No-Music,1-5-8,1-5-8,True
1135,RIneOAfWA6POfHcHOoYEDG1BF6T2,Expert,Trained,No-Music,1-3-5,1-3-5,True
1136,RIneOAfWA6POfHcHOoYEDG1BF6T2,Expert,Trained,No-Music,1-2-3,1-2-3,True
1137,RIneOAfWA6POfHcHOoYEDG1BF6T2,Expert,Trained,No-Music,1-2-3,1-2-3,True
1138,RIneOAfWA6POfHcHOoYEDG1BF6T2,Expert,Trained,No-Music,1-3-5,1-3-5,True
1139,RIneOAfWA6POfHcHOoYEDG1BF6T2,Expert,Trained,No-Music,1-5-1,1-5-1,True
1140,RIneOAfWA6POfHcHOoYEDG1BF6T2,Expert,Trained,No-Music,1-5-3,1-5-3,True
1141,RIneOAfWA6POfHcHOoYEDG1BF6T2,Expert,Trained,No-Music,1-4-1,1-4-1,True
1142,RIneOAfWA6POfHcHOoYEDG1BF6T2,Expert,Trained,No-Music,1-3-2,1-3-2,True
1143,RIneOAfWA6POfHcHOoYEDG1BF6T2,Expert,Trained,No-Music,1-5-1,1-5-1,True
1144,RIneOAfWA6POfHcHOoYEDG1BF6T2,Expert,Trained,No-Music,1-3-2,1-3-2,True
1145,RIneOAfWA6POfHcHOoYEDG1BF6T2,Expert,Trained,No-Music,1-5-8,1-5-8,True
1146,RIneOAfWA6POfHcHOoYEDG1BF6T2,Expert,Trained,Music,1-3-5,1-3-5,True
1147,RIneOAfWA6POfHcHOoYEDG1BF6T2,Expert,Trained,Music,1-3-2,1-3-2,True
1148,RIneOAfWA6POfHcHOoYEDG1BF6T2,Expert,Trained,Music,1-5-1,1-5-1,True
1149,RIneOAfWA6POfHcHOoYEDG1BF6T2,Expert,Trained,Music,1-4-1,1-4-1,True
1150,RIneOAfWA6POfHcHOoYEDG1BF6T2,Expert,Trained,Music,1-4-1,1-4-1,True
1151,RIneOAfWA6POfHcHOoYEDG1BF6T2,Expert,Trained,Music,1-5-8,1-5-8,True
1152,RIneOAfWA6POfHcHOoYEDG1BF6T2,Expert,Trained,Music,1-5-1,1-5-1,True
1153,RIneOAfWA6POfHcHOoYEDG1BF6T2,Expert,Trained,Music,1-5-8,1-5-8,True
1154,RIneOAfWA6POfHcHOoYEDG1BF6T2,Expert,Trained,Music,1-5-3,1-5-3,True
1155,RIneOAfWA6POfHcHOoYEDG1BF6T2,Expert,Trained,Music,1-3-5,1-3-5,True
1156,RIneOAfWA6POfHcHOoYEDG1BF6T2,Expert,Trained,Music,1-3-5,1-3-2,False
1157,RIneOAfWA6POfHcHOoYEDG1BF6T2,Expert,Trained,Music,1-2-3,1-2-3,True
1158,RIneOAfWA6POfHcHOoYEDG1BF6T2,Expert,Trained,Music,1-2-3,1-2-3,True
1159,RIneOAfWA6POfHcHOoYEDG1BF6T2,Expert,Trained,Music,1-5-3,1-5-3,True
