,User ID,Technique,Skill,Background,Training,Granularity,Error rate
0,4g4XbueBXPakEKcHYSqqot76sGg1,Pitch,Expert,No-Music,Untrained,Error rate 12,7.6923076923076925
1,4g4XbueBXPakEKcHYSqqot76sGg1,Pitch,Expert,No-Music,Untrained,Error rate 7,7.6923076923076925
2,4g4XbueBXPakEKcHYSqqot76sGg1,Pitch,Expert,No-Music,Untrained,Error rate 3,0.0
3,4g4XbueBXPakEKcHYSqqot76sGg1,Pitch,Expert,Music,Untrained,Error rate 12,0.0
4,4g4XbueBXPakEKcHYSqqot76sGg1,Pitch,Expert,Music,Untrained,Error rate 7,0.0
5,4g4XbueBXPakEKcHYSqqot76sGg1,Pitch,Expert,Music,Untrained,Error rate 3,0.0
6,4g4XbueBXPakEKcHYSqqot76sGg1,Pitch,Expert,No-Music,Trained,Error rate 12,0.0
7,4g4XbueBXPakEKcHYSqqot76sGg1,Pitch,Expert,No-Music,Trained,Error rate 7,0.0
8,4g4XbueBXPakEKcHYSqqot76sGg1,Pitch,Expert,No-Music,Trained,Error rate 3,0.0
9,4g4XbueBXPakEKcHYSqqot76sGg1,Pitch,Expert,Music,Trained,Error rate 12,0.0
10,4g4XbueBXPakEKcHYSqqot76sGg1,Pitch,Expert,Music,Trained,Error rate 7,0.0
11,4g4XbueBXPakEKcHYSqqot76sGg1,Pitch,Expert,Music,Trained,Error rate 3,0.0
12,4g4XbueBXPakEKcHYSqqot76sGg1,Interval,Expert,No-Music,Untrained,Error rate 12,14.285714285714285
13,4g4XbueBXPakEKcHYSqqot76sGg1,Interval,Expert,No-Music,Untrained,Error rate 7,14.285714285714285
14,4g4XbueBXPakEKcHYSqqot76sGg1,Interval,Expert,No-Music,Untrained,Error rate 3,16.666666666666664
15,4g4XbueBXPakEKcHYSqqot76sGg1,Interval,Expert,Music,Untrained,Error rate 12,7.142857142857142
16,4g4XbueBXPakEKcHYSqqot76sGg1,Interval,Expert,Music,Untrained,Error rate 7,7.142857142857142
17,4g4XbueBXPakEKcHYSqqot76sGg1,Interval,Expert,Music,Untrained,Error rate 3,0.0
18,4g4XbueBXPakEKcHYSqqot76sGg1,Interval,Expert,No-Music,Trained,Error rate 12,0.0
19,4g4XbueBXPakEKcHYSqqot76sGg1,Interval,Expert,No-Music,Trained,Error rate 7,0.0
20,4g4XbueBXPakEKcHYSqqot76sGg1,Interval,Expert,No-Music,Trained,Error rate 3,0.0
21,4g4XbueBXPakEKcHYSqqot76sGg1,Interval,Expert,Music,Trained,Error rate 12,0.0
22,4g4XbueBXPakEKcHYSqqot76sGg1,Interval,Expert,Music,Trained,Error rate 7,0.0
23,4g4XbueBXPakEKcHYSqqot76sGg1,Interval,Expert,Music,Trained,Error rate 3,0.0
24,4g4XbueBXPakEKcHYSqqot76sGg1,Melody,Expert,No-Music,Untrained,Error rate 12,35.714285714285715
25,4g4XbueBXPakEKcHYSqqot76sGg1,Melody,Expert,No-Music,Untrained,Error rate 7,35.714285714285715
26,4g4XbueBXPakEKcHYSqqot76sGg1,Melody,Expert,No-Music,Untrained,Error rate 3,33.33333333333333
27,4g4XbueBXPakEKcHYSqqot76sGg1,Melody,Expert,Music,Untrained,Error rate 12,0.0
28,4g4XbueBXPakEKcHYSqqot76sGg1,Melody,Expert,Music,Untrained,Error rate 7,0.0
29,4g4XbueBXPakEKcHYSqqot76sGg1,Melody,Expert,Music,Untrained,Error rate 3,0.0
30,4g4XbueBXPakEKcHYSqqot76sGg1,Melody,Expert,No-Music,Trained,Error rate 12,0.0
31,4g4XbueBXPakEKcHYSqqot76sGg1,Melody,Expert,No-Music,Trained,Error rate 7,0.0
32,4g4XbueBXPakEKcHYSqqot76sGg1,Melody,Expert,No-Music,Trained,Error rate 3,0.0
33,4g4XbueBXPakEKcHYSqqot76sGg1,Melody,Expert,Music,Trained,Error rate 12,0.0
34,4g4XbueBXPakEKcHYSqqot76sGg1,Melody,Expert,Music,Trained,Error rate 7,0.0
35,4g4XbueBXPakEKcHYSqqot76sGg1,Melody,Expert,Music,Trained,Error rate 3,0.0
36,ND7YXptQpfcoYks37w3hh28VzIJ2,Pitch,Expert,No-Music,Untrained,Error rate 12,21.428571428571427
37,ND7YXptQpfcoYks37w3hh28VzIJ2,Pitch,Expert,No-Music,Untrained,Error rate 7,21.428571428571427
38,ND7YXptQpfcoYks37w3hh28VzIJ2,Pitch,Expert,No-Music,Untrained,Error rate 3,16.666666666666664
39,ND7YXptQpfcoYks37w3hh28VzIJ2,Pitch,Expert,Music,Untrained,Error rate 12,25.0
40,ND7YXptQpfcoYks37w3hh28VzIJ2,Pitch,Expert,Music,Untrained,Error rate 7,16.666666666666664
41,ND7YXptQpfcoYks37w3hh28VzIJ2,Pitch,Expert,Music,Untrained,Error rate 3,16.666666666666664
42,ND7YXptQpfcoYks37w3hh28VzIJ2,Pitch,Expert,No-Music,Trained,Error rate 12,0.0
43,ND7YXptQpfcoYks37w3hh28VzIJ2,Pitch,Expert,No-Music,Trained,Error rate 7,0.0
44,ND7YXptQpfcoYks37w3hh28VzIJ2,Pitch,Expert,No-Music,Trained,Error rate 3,0.0
45,ND7YXptQpfcoYks37w3hh28VzIJ2,Pitch,Expert,Music,Trained,Error rate 12,0.0
46,ND7YXptQpfcoYks37w3hh28VzIJ2,Pitch,Expert,Music,Trained,Error rate 7,0.0
47,ND7YXptQpfcoYks37w3hh28VzIJ2,Pitch,Expert,Music,Trained,Error rate 3,0.0
48,ND7YXptQpfcoYks37w3hh28VzIJ2,Interval,Expert,No-Music,Untrained,Error rate 12,0.0
49,ND7YXptQpfcoYks37w3hh28VzIJ2,Interval,Expert,No-Music,Untrained,Error rate 7,0.0
50,ND7YXptQpfcoYks37w3hh28VzIJ2,Interval,Expert,No-Music,Untrained,Error rate 3,0.0
51,ND7YXptQpfcoYks37w3hh28VzIJ2,Interval,Expert,Music,Untrained,Error rate 12,0.0
52,ND7YXptQpfcoYks37w3hh28VzIJ2,Interval,Expert,Music,Untrained,Error rate 7,0.0
53,ND7YXptQpfcoYks37w3hh28VzIJ2,Interval,Expert,Music,Untrained,Error rate 3,0.0
54,ND7YXptQpfcoYks37w3hh28VzIJ2,Interval,Expert,No-Music,Trained,Error rate 12,0.0
55,ND7YXptQpfcoYks37w3hh28VzIJ2,Interval,Expert,No-Music,Trained,Error rate 7,0.0
56,ND7YXptQpfcoYks37w3hh28VzIJ2,Interval,Expert,No-Music,Trained,Error rate 3,0.0
57,ND7YXptQpfcoYks37w3hh28VzIJ2,Interval,Expert,Music,Trained,Error rate 12,7.142857142857142
58,ND7YXptQpfcoYks37w3hh28VzIJ2,Interval,Expert,Music,Trained,Error rate 7,0.0
59,ND7YXptQpfcoYks37w3hh28VzIJ2,Interval,Expert,Music,Trained,Error rate 3,0.0
60,ND7YXptQpfcoYks37w3hh28VzIJ2,Melody,Expert,No-Music,Untrained,Error rate 12,0.0
61,ND7YXptQpfcoYks37w3hh28VzIJ2,Melody,Expert,No-Music,Untrained,Error rate 7,0.0
62,ND7YXptQpfcoYks37w3hh28VzIJ2,Melody,Expert,No-Music,Untrained,Error rate 3,0.0
63,ND7YXptQpfcoYks37w3hh28VzIJ2,Melody,Expert,Music,Untrained,Error rate 12,0.0
64,ND7YXptQpfcoYks37w3hh28VzIJ2,Melody,Expert,Music,Untrained,Error rate 7,0.0
65,ND7YXptQpfcoYks37w3hh28VzIJ2,Melody,Expert,Music,Untrained,Error rate 3,0.0
66,ND7YXptQpfcoYks37w3hh28VzIJ2,Melody,Expert,No-Music,Trained,Error rate 12,0.0
67,ND7YXptQpfcoYks37w3hh28VzIJ2,Melody,Expert,No-Music,Trained,Error rate 7,0.0
68,ND7YXptQpfcoYks37w3hh28VzIJ2,Melody,Expert,No-Music,Trained,Error rate 3,0.0
69,ND7YXptQpfcoYks37w3hh28VzIJ2,Melody,Expert,Music,Trained,Error rate 12,0.0
70,ND7YXptQpfcoYks37w3hh28VzIJ2,Melody,Expert,Music,Trained,Error rate 7,0.0
71,ND7YXptQpfcoYks37w3hh28VzIJ2,Melody,Expert,Music,Trained,Error rate 3,0.0
72,4skkbqCgsCUeDAYAwThCrw5UMRG2,Pitch,Expert,No-Music,Untrained,Error rate 12,7.142857142857142
73,4skkbqCgsCUeDAYAwThCrw5UMRG2,Pitch,Expert,No-Music,Untrained,Error rate 7,7.142857142857142
74,4skkbqCgsCUeDAYAwThCrw5UMRG2,Pitch,Expert,No-Music,Untrained,Error rate 3,0.0
75,4skkbqCgsCUeDAYAwThCrw5UMRG2,Pitch,Expert,Music,Untrained,Error rate 12,15.384615384615385
76,4skkbqCgsCUeDAYAwThCrw5UMRG2,Pitch,Expert,Music,Untrained,Error rate 7,15.384615384615385
77,4skkbqCgsCUeDAYAwThCrw5UMRG2,Pitch,Expert,Music,Untrained,Error rate 3,16.666666666666664
78,4skkbqCgsCUeDAYAwThCrw5UMRG2,Pitch,Expert,No-Music,Trained,Error rate 12,0.0
79,4skkbqCgsCUeDAYAwThCrw5UMRG2,Pitch,Expert,No-Music,Trained,Error rate 7,0.0
80,4skkbqCgsCUeDAYAwThCrw5UMRG2,Pitch,Expert,No-Music,Trained,Error rate 3,0.0
81,4skkbqCgsCUeDAYAwThCrw5UMRG2,Pitch,Expert,Music,Trained,Error rate 12,0.0
82,4skkbqCgsCUeDAYAwThCrw5UMRG2,Pitch,Expert,Music,Trained,Error rate 7,0.0
83,4skkbqCgsCUeDAYAwThCrw5UMRG2,Pitch,Expert,Music,Trained,Error rate 3,0.0
84,4skkbqCgsCUeDAYAwThCrw5UMRG2,Interval,Expert,No-Music,Untrained,Error rate 12,15.384615384615385
85,4skkbqCgsCUeDAYAwThCrw5UMRG2,Interval,Expert,No-Music,Untrained,Error rate 7,15.384615384615385
86,4skkbqCgsCUeDAYAwThCrw5UMRG2,Interval,Expert,No-Music,Untrained,Error rate 3,0.0
87,4skkbqCgsCUeDAYAwThCrw5UMRG2,Interval,Expert,Music,Untrained,Error rate 12,7.142857142857142
88,4skkbqCgsCUeDAYAwThCrw5UMRG2,Interval,Expert,Music,Untrained,Error rate 7,7.142857142857142
89,4skkbqCgsCUeDAYAwThCrw5UMRG2,Interval,Expert,Music,Untrained,Error rate 3,0.0
90,4skkbqCgsCUeDAYAwThCrw5UMRG2,Interval,Expert,No-Music,Trained,Error rate 12,0.0
91,4skkbqCgsCUeDAYAwThCrw5UMRG2,Interval,Expert,No-Music,Trained,Error rate 7,0.0
92,4skkbqCgsCUeDAYAwThCrw5UMRG2,Interval,Expert,No-Music,Trained,Error rate 3,0.0
93,4skkbqCgsCUeDAYAwThCrw5UMRG2,Interval,Expert,Music,Trained,Error rate 12,0.0
94,4skkbqCgsCUeDAYAwThCrw5UMRG2,Interval,Expert,Music,Trained,Error rate 7,0.0
95,4skkbqCgsCUeDAYAwThCrw5UMRG2,Interval,Expert,Music,Trained,Error rate 3,0.0
96,4skkbqCgsCUeDAYAwThCrw5UMRG2,Melody,Expert,No-Music,Untrained,Error rate 12,8.333333333333332
97,4skkbqCgsCUeDAYAwThCrw5UMRG2,Melody,Expert,No-Music,Untrained,Error rate 7,8.333333333333332
98,4skkbqCgsCUeDAYAwThCrw5UMRG2,Melody,Expert,No-Music,Untrained,Error rate 3,0.0
99,4skkbqCgsCUeDAYAwThCrw5UMRG2,Melody,Expert,Music,Untrained,Error rate 12,21.428571428571427
100,4skkbqCgsCUeDAYAwThCrw5UMRG2,Melody,Expert,Music,Untrained,Error rate 7,28.57142857142857
101,4skkbqCgsCUeDAYAwThCrw5UMRG2,Melody,Expert,Music,Untrained,Error rate 3,0.0
102,4skkbqCgsCUeDAYAwThCrw5UMRG2,Melody,Expert,No-Music,Trained,Error rate 12,14.285714285714285
103,4skkbqCgsCUeDAYAwThCrw5UMRG2,Melody,Expert,No-Music,Trained,Error rate 7,14.285714285714285
104,4skkbqCgsCUeDAYAwThCrw5UMRG2,Melody,Expert,No-Music,Trained,Error rate 3,16.666666666666664
105,4skkbqCgsCUeDAYAwThCrw5UMRG2,Melody,Expert,Music,Trained,Error rate 12,14.285714285714285
106,4skkbqCgsCUeDAYAwThCrw5UMRG2,Melody,Expert,Music,Trained,Error rate 7,14.285714285714285
107,4skkbqCgsCUeDAYAwThCrw5UMRG2,Melody,Expert,Music,Trained,Error rate 3,0.0
108,eDAQuX1FHxaGiWXOPiR3IVG3sZK2,Pitch,Intermediate,No-Music,Untrained,Error rate 12,57.14285714285714
109,eDAQuX1FHxaGiWXOPiR3IVG3sZK2,Pitch,Intermediate,No-Music,Untrained,Error rate 7,42.857142857142854
110,eDAQuX1FHxaGiWXOPiR3IVG3sZK2,Pitch,Intermediate,No-Music,Untrained,Error rate 3,33.33333333333333
111,eDAQuX1FHxaGiWXOPiR3IVG3sZK2,Pitch,Intermediate,Music,Untrained,Error rate 12,78.57142857142857
112,eDAQuX1FHxaGiWXOPiR3IVG3sZK2,Pitch,Intermediate,Music,Untrained,Error rate 7,64.28571428571429
113,eDAQuX1FHxaGiWXOPiR3IVG3sZK2,Pitch,Intermediate,Music,Untrained,Error rate 3,50.0
114,eDAQuX1FHxaGiWXOPiR3IVG3sZK2,Pitch,Intermediate,No-Music,Trained,Error rate 12,28.57142857142857
115,eDAQuX1FHxaGiWXOPiR3IVG3sZK2,Pitch,Intermediate,No-Music,Trained,Error rate 7,21.428571428571427
116,eDAQuX1FHxaGiWXOPiR3IVG3sZK2,Pitch,Intermediate,No-Music,Trained,Error rate 3,33.33333333333333
117,eDAQuX1FHxaGiWXOPiR3IVG3sZK2,Pitch,Intermediate,Music,Trained,Error rate 12,7.142857142857142
118,eDAQuX1FHxaGiWXOPiR3IVG3sZK2,Pitch,Intermediate,Music,Trained,Error rate 7,7.142857142857142
119,eDAQuX1FHxaGiWXOPiR3IVG3sZK2,Pitch,Intermediate,Music,Trained,Error rate 3,0.0
120,eDAQuX1FHxaGiWXOPiR3IVG3sZK2,Interval,Intermediate,No-Music,Untrained,Error rate 12,23.076923076923077
121,eDAQuX1FHxaGiWXOPiR3IVG3sZK2,Interval,Intermediate,No-Music,Untrained,Error rate 7,7.6923076923076925
122,eDAQuX1FHxaGiWXOPiR3IVG3sZK2,Interval,Intermediate,No-Music,Untrained,Error rate 3,0.0
123,eDAQuX1FHxaGiWXOPiR3IVG3sZK2,Interval,Intermediate,Music,Untrained,Error rate 12,28.57142857142857
124,eDAQuX1FHxaGiWXOPiR3IVG3sZK2,Interval,Intermediate,Music,Untrained,Error rate 7,21.428571428571427
125,eDAQuX1FHxaGiWXOPiR3IVG3sZK2,Interval,Intermediate,Music,Untrained,Error rate 3,0.0
126,eDAQuX1FHxaGiWXOPiR3IVG3sZK2,Interval,Intermediate,No-Music,Trained,Error rate 12,7.142857142857142
127,eDAQuX1FHxaGiWXOPiR3IVG3sZK2,Interval,Intermediate,No-Music,Trained,Error rate 7,0.0
128,eDAQuX1FHxaGiWXOPiR3IVG3sZK2,Interval,Intermediate,No-Music,Trained,Error rate 3,0.0
129,eDAQuX1FHxaGiWXOPiR3IVG3sZK2,Interval,Intermediate,Music,Trained,Error rate 12,14.285714285714285
130,eDAQuX1FHxaGiWXOPiR3IVG3sZK2,Interval,Intermediate,Music,Trained,Error rate 7,7.142857142857142
131,eDAQuX1FHxaGiWXOPiR3IVG3sZK2,Interval,Intermediate,Music,Trained,Error rate 3,0.0
132,eDAQuX1FHxaGiWXOPiR3IVG3sZK2,Melody,Intermediate,No-Music,Untrained,Error rate 12,0.0
133,eDAQuX1FHxaGiWXOPiR3IVG3sZK2,Melody,Intermediate,No-Music,Untrained,Error rate 7,0.0
134,eDAQuX1FHxaGiWXOPiR3IVG3sZK2,Melody,Intermediate,No-Music,Untrained,Error rate 3,0.0
135,eDAQuX1FHxaGiWXOPiR3IVG3sZK2,Melody,Intermediate,Music,Untrained,Error rate 12,28.57142857142857
136,eDAQuX1FHxaGiWXOPiR3IVG3sZK2,Melody,Intermediate,Music,Untrained,Error rate 7,21.428571428571427
137,eDAQuX1FHxaGiWXOPiR3IVG3sZK2,Melody,Intermediate,Music,Untrained,Error rate 3,16.666666666666664
138,eDAQuX1FHxaGiWXOPiR3IVG3sZK2,Melody,Intermediate,No-Music,Trained,Error rate 12,21.428571428571427
139,eDAQuX1FHxaGiWXOPiR3IVG3sZK2,Melody,Intermediate,No-Music,Trained,Error rate 7,21.428571428571427
140,eDAQuX1FHxaGiWXOPiR3IVG3sZK2,Melody,Intermediate,No-Music,Trained,Error rate 3,16.666666666666664
141,eDAQuX1FHxaGiWXOPiR3IVG3sZK2,Melody,Intermediate,Music,Trained,Error rate 12,7.142857142857142
142,eDAQuX1FHxaGiWXOPiR3IVG3sZK2,Melody,Intermediate,Music,Trained,Error rate 7,0.0
143,eDAQuX1FHxaGiWXOPiR3IVG3sZK2,Melody,Intermediate,Music,Trained,Error rate 3,0.0
144,ttJ0IFZj6ofNkXKH9LRAjBxI3M53,Pitch,Expert,No-Music,Untrained,Error rate 12,0.0
145,ttJ0IFZj6ofNkXKH9LRAjBxI3M53,Pitch,Expert,No-Music,Untrained,Error rate 7,0.0
146,ttJ0IFZj6ofNkXKH9LRAjBxI3M53,Pitch,Expert,No-Music,Untrained,Error rate 3,0.0
147,ttJ0IFZj6ofNkXKH9LRAjBxI3M53,Pitch,Expert,Music,Untrained,Error rate 12,0.0
148,ttJ0IFZj6ofNkXKH9LRAjBxI3M53,Pitch,Expert,Music,Untrained,Error rate 7,0.0
149,ttJ0IFZj6ofNkXKH9LRAjBxI3M53,Pitch,Expert,Music,Untrained,Error rate 3,0.0
150,ttJ0IFZj6ofNkXKH9LRAjBxI3M53,Pitch,Expert,No-Music,Trained,Error rate 12,0.0
151,ttJ0IFZj6ofNkXKH9LRAjBxI3M53,Pitch,Expert,No-Music,Trained,Error rate 7,0.0
152,ttJ0IFZj6ofNkXKH9LRAjBxI3M53,Pitch,Expert,No-Music,Trained,Error rate 3,0.0
153,ttJ0IFZj6ofNkXKH9LRAjBxI3M53,Pitch,Expert,Music,Trained,Error rate 12,0.0
154,ttJ0IFZj6ofNkXKH9LRAjBxI3M53,Pitch,Expert,Music,Trained,Error rate 7,0.0
155,ttJ0IFZj6ofNkXKH9LRAjBxI3M53,Pitch,Expert,Music,Trained,Error rate 3,0.0
156,ttJ0IFZj6ofNkXKH9LRAjBxI3M53,Interval,Expert,No-Music,Untrained,Error rate 12,0.0
157,ttJ0IFZj6ofNkXKH9LRAjBxI3M53,Interval,Expert,No-Music,Untrained,Error rate 7,0.0
158,ttJ0IFZj6ofNkXKH9LRAjBxI3M53,Interval,Expert,No-Music,Untrained,Error rate 3,0.0
159,ttJ0IFZj6ofNkXKH9LRAjBxI3M53,Interval,Expert,Music,Untrained,Error rate 12,0.0
160,ttJ0IFZj6ofNkXKH9LRAjBxI3M53,Interval,Expert,Music,Untrained,Error rate 7,0.0
161,ttJ0IFZj6ofNkXKH9LRAjBxI3M53,Interval,Expert,Music,Untrained,Error rate 3,0.0
162,ttJ0IFZj6ofNkXKH9LRAjBxI3M53,Interval,Expert,No-Music,Trained,Error rate 12,8.333333333333332
163,ttJ0IFZj6ofNkXKH9LRAjBxI3M53,Interval,Expert,No-Music,Trained,Error rate 7,8.333333333333332
164,ttJ0IFZj6ofNkXKH9LRAjBxI3M53,Interval,Expert,No-Music,Trained,Error rate 3,0.0
165,ttJ0IFZj6ofNkXKH9LRAjBxI3M53,Interval,Expert,Music,Trained,Error rate 12,0.0
166,ttJ0IFZj6ofNkXKH9LRAjBxI3M53,Interval,Expert,Music,Trained,Error rate 7,0.0
167,ttJ0IFZj6ofNkXKH9LRAjBxI3M53,Interval,Expert,Music,Trained,Error rate 3,0.0
168,ttJ0IFZj6ofNkXKH9LRAjBxI3M53,Melody,Expert,No-Music,Untrained,Error rate 12,0.0
169,ttJ0IFZj6ofNkXKH9LRAjBxI3M53,Melody,Expert,No-Music,Untrained,Error rate 7,0.0
170,ttJ0IFZj6ofNkXKH9LRAjBxI3M53,Melody,Expert,No-Music,Untrained,Error rate 3,0.0
171,ttJ0IFZj6ofNkXKH9LRAjBxI3M53,Melody,Expert,Music,Untrained,Error rate 12,0.0
172,ttJ0IFZj6ofNkXKH9LRAjBxI3M53,Melody,Expert,Music,Untrained,Error rate 7,0.0
173,ttJ0IFZj6ofNkXKH9LRAjBxI3M53,Melody,Expert,Music,Untrained,Error rate 3,0.0
174,ttJ0IFZj6ofNkXKH9LRAjBxI3M53,Melody,Expert,No-Music,Trained,Error rate 12,7.142857142857142
175,ttJ0IFZj6ofNkXKH9LRAjBxI3M53,Melody,Expert,No-Music,Trained,Error rate 7,7.142857142857142
176,ttJ0IFZj6ofNkXKH9LRAjBxI3M53,Melody,Expert,No-Music,Trained,Error rate 3,0.0
177,ttJ0IFZj6ofNkXKH9LRAjBxI3M53,Melody,Expert,Music,Trained,Error rate 12,0.0
178,ttJ0IFZj6ofNkXKH9LRAjBxI3M53,Melody,Expert,Music,Trained,Error rate 7,0.0
179,ttJ0IFZj6ofNkXKH9LRAjBxI3M53,Melody,Expert,Music,Trained,Error rate 3,0.0
180,iBaEkIBcrjVxmQYt2ynpOaMNNJi2,Pitch,Expert,No-Music,Untrained,Error rate 12,7.6923076923076925
181,iBaEkIBcrjVxmQYt2ynpOaMNNJi2,Pitch,Expert,No-Music,Untrained,Error rate 7,0.0
182,iBaEkIBcrjVxmQYt2ynpOaMNNJi2,Pitch,Expert,No-Music,Untrained,Error rate 3,0.0
183,iBaEkIBcrjVxmQYt2ynpOaMNNJi2,Pitch,Expert,Music,Untrained,Error rate 12,0.0
184,iBaEkIBcrjVxmQYt2ynpOaMNNJi2,Pitch,Expert,Music,Untrained,Error rate 7,0.0
185,iBaEkIBcrjVxmQYt2ynpOaMNNJi2,Pitch,Expert,Music,Untrained,Error rate 3,0.0
186,iBaEkIBcrjVxmQYt2ynpOaMNNJi2,Pitch,Expert,No-Music,Trained,Error rate 12,0.0
187,iBaEkIBcrjVxmQYt2ynpOaMNNJi2,Pitch,Expert,No-Music,Trained,Error rate 7,0.0
188,iBaEkIBcrjVxmQYt2ynpOaMNNJi2,Pitch,Expert,No-Music,Trained,Error rate 3,0.0
189,iBaEkIBcrjVxmQYt2ynpOaMNNJi2,Pitch,Expert,Music,Trained,Error rate 12,0.0
190,iBaEkIBcrjVxmQYt2ynpOaMNNJi2,Pitch,Expert,Music,Trained,Error rate 7,0.0
191,iBaEkIBcrjVxmQYt2ynpOaMNNJi2,Pitch,Expert,Music,Trained,Error rate 3,0.0
192,iBaEkIBcrjVxmQYt2ynpOaMNNJi2,Interval,Expert,No-Music,Untrained,Error rate 12,0.0
193,iBaEkIBcrjVxmQYt2ynpOaMNNJi2,Interval,Expert,No-Music,Untrained,Error rate 7,0.0
194,iBaEkIBcrjVxmQYt2ynpOaMNNJi2,Interval,Expert,No-Music,Untrained,Error rate 3,0.0
195,iBaEkIBcrjVxmQYt2ynpOaMNNJi2,Interval,Expert,Music,Untrained,Error rate 12,0.0
196,iBaEkIBcrjVxmQYt2ynpOaMNNJi2,Interval,Expert,Music,Untrained,Error rate 7,0.0
197,iBaEkIBcrjVxmQYt2ynpOaMNNJi2,Interval,Expert,Music,Untrained,Error rate 3,0.0
198,iBaEkIBcrjVxmQYt2ynpOaMNNJi2,Interval,Expert,No-Music,Trained,Error rate 12,0.0
199,iBaEkIBcrjVxmQYt2ynpOaMNNJi2,Interval,Expert,No-Music,Trained,Error rate 7,0.0
200,iBaEkIBcrjVxmQYt2ynpOaMNNJi2,Interval,Expert,No-Music,Trained,Error rate 3,0.0
201,iBaEkIBcrjVxmQYt2ynpOaMNNJi2,Interval,Expert,Music,Trained,Error rate 12,0.0
202,iBaEkIBcrjVxmQYt2ynpOaMNNJi2,Interval,Expert,Music,Trained,Error rate 7,0.0
203,iBaEkIBcrjVxmQYt2ynpOaMNNJi2,Interval,Expert,Music,Trained,Error rate 3,0.0
204,iBaEkIBcrjVxmQYt2ynpOaMNNJi2,Melody,Expert,No-Music,Untrained,Error rate 12,0.0
205,iBaEkIBcrjVxmQYt2ynpOaMNNJi2,Melody,Expert,No-Music,Untrained,Error rate 7,0.0
206,iBaEkIBcrjVxmQYt2ynpOaMNNJi2,Melody,Expert,No-Music,Untrained,Error rate 3,0.0
207,iBaEkIBcrjVxmQYt2ynpOaMNNJi2,Melody,Expert,Music,Untrained,Error rate 12,0.0
208,iBaEkIBcrjVxmQYt2ynpOaMNNJi2,Melody,Expert,Music,Untrained,Error rate 7,0.0
209,iBaEkIBcrjVxmQYt2ynpOaMNNJi2,Melody,Expert,Music,Untrained,Error rate 3,0.0
210,iBaEkIBcrjVxmQYt2ynpOaMNNJi2,Melody,Expert,No-Music,Trained,Error rate 12,7.142857142857142
211,iBaEkIBcrjVxmQYt2ynpOaMNNJi2,Melody,Expert,No-Music,Trained,Error rate 7,7.142857142857142
212,iBaEkIBcrjVxmQYt2ynpOaMNNJi2,Melody,Expert,No-Music,Trained,Error rate 3,0.0
213,iBaEkIBcrjVxmQYt2ynpOaMNNJi2,Melody,Expert,Music,Trained,Error rate 12,0.0
214,iBaEkIBcrjVxmQYt2ynpOaMNNJi2,Melody,Expert,Music,Trained,Error rate 7,0.0
215,iBaEkIBcrjVxmQYt2ynpOaMNNJi2,Melody,Expert,Music,Trained,Error rate 3,0.0
216,CwOYmTC4P7QRzjbBXgVwRf11ccL2,Pitch,Novice,No-Music,Untrained,Error rate 12,71.42857142857143
217,CwOYmTC4P7QRzjbBXgVwRf11ccL2,Pitch,Novice,No-Music,Untrained,Error rate 7,71.42857142857143
218,CwOYmTC4P7QRzjbBXgVwRf11ccL2,Pitch,Novice,No-Music,Untrained,Error rate 3,50.0
219,CwOYmTC4P7QRzjbBXgVwRf11ccL2,Pitch,Novice,Music,Untrained,Error rate 12,92.3076923076923
220,CwOYmTC4P7QRzjbBXgVwRf11ccL2,Pitch,Novice,Music,Untrained,Error rate 7,92.3076923076923
221,CwOYmTC4P7QRzjbBXgVwRf11ccL2,Pitch,Novice,Music,Untrained,Error rate 3,66.66666666666666
222,CwOYmTC4P7QRzjbBXgVwRf11ccL2,Pitch,Novice,No-Music,Trained,Error rate 12,64.28571428571429
223,CwOYmTC4P7QRzjbBXgVwRf11ccL2,Pitch,Novice,No-Music,Trained,Error rate 7,57.14285714285714
224,CwOYmTC4P7QRzjbBXgVwRf11ccL2,Pitch,Novice,No-Music,Trained,Error rate 3,16.666666666666664
225,CwOYmTC4P7QRzjbBXgVwRf11ccL2,Pitch,Novice,Music,Trained,Error rate 12,50.0
226,CwOYmTC4P7QRzjbBXgVwRf11ccL2,Pitch,Novice,Music,Trained,Error rate 7,42.857142857142854
227,CwOYmTC4P7QRzjbBXgVwRf11ccL2,Pitch,Novice,Music,Trained,Error rate 3,0.0
228,CwOYmTC4P7QRzjbBXgVwRf11ccL2,Interval,Novice,No-Music,Untrained,Error rate 12,100.0
229,CwOYmTC4P7QRzjbBXgVwRf11ccL2,Interval,Novice,No-Music,Untrained,Error rate 7,100.0
230,CwOYmTC4P7QRzjbBXgVwRf11ccL2,Interval,Novice,No-Music,Untrained,Error rate 3,100.0
231,CwOYmTC4P7QRzjbBXgVwRf11ccL2,Interval,Novice,Music,Untrained,Error rate 12,100.0
232,CwOYmTC4P7QRzjbBXgVwRf11ccL2,Interval,Novice,Music,Untrained,Error rate 7,100.0
233,CwOYmTC4P7QRzjbBXgVwRf11ccL2,Interval,Novice,Music,Untrained,Error rate 3,100.0
234,CwOYmTC4P7QRzjbBXgVwRf11ccL2,Interval,Novice,No-Music,Trained,Error rate 12,85.71428571428571
235,CwOYmTC4P7QRzjbBXgVwRf11ccL2,Interval,Novice,No-Music,Trained,Error rate 7,71.42857142857143
236,CwOYmTC4P7QRzjbBXgVwRf11ccL2,Interval,Novice,No-Music,Trained,Error rate 3,50.0
237,CwOYmTC4P7QRzjbBXgVwRf11ccL2,Interval,Novice,Music,Trained,Error rate 12,35.714285714285715
238,CwOYmTC4P7QRzjbBXgVwRf11ccL2,Interval,Novice,Music,Trained,Error rate 7,21.428571428571427
239,CwOYmTC4P7QRzjbBXgVwRf11ccL2,Interval,Novice,Music,Trained,Error rate 3,0.0
240,CwOYmTC4P7QRzjbBXgVwRf11ccL2,Melody,Novice,No-Music,Untrained,Error rate 12,42.857142857142854
241,CwOYmTC4P7QRzjbBXgVwRf11ccL2,Melody,Novice,No-Music,Untrained,Error rate 7,42.857142857142854
242,CwOYmTC4P7QRzjbBXgVwRf11ccL2,Melody,Novice,No-Music,Untrained,Error rate 3,16.666666666666664
243,CwOYmTC4P7QRzjbBXgVwRf11ccL2,Melody,Novice,Music,Untrained,Error rate 12,57.14285714285714
244,CwOYmTC4P7QRzjbBXgVwRf11ccL2,Melody,Novice,Music,Untrained,Error rate 7,57.14285714285714
245,CwOYmTC4P7QRzjbBXgVwRf11ccL2,Melody,Novice,Music,Untrained,Error rate 3,33.33333333333333
246,CwOYmTC4P7QRzjbBXgVwRf11ccL2,Melody,Novice,No-Music,Trained,Error rate 12,50.0
247,CwOYmTC4P7QRzjbBXgVwRf11ccL2,Melody,Novice,No-Music,Trained,Error rate 7,50.0
248,CwOYmTC4P7QRzjbBXgVwRf11ccL2,Melody,Novice,No-Music,Trained,Error rate 3,16.666666666666664
249,CwOYmTC4P7QRzjbBXgVwRf11ccL2,Melody,Novice,Music,Trained,Error rate 12,57.14285714285714
250,CwOYmTC4P7QRzjbBXgVwRf11ccL2,Melody,Novice,Music,Trained,Error rate 7,50.0
251,CwOYmTC4P7QRzjbBXgVwRf11ccL2,Melody,Novice,Music,Trained,Error rate 3,33.33333333333333
252,Jb1TNhPukqh2nEWGQvpAF4R5uQt2,Pitch,Novice,No-Music,Untrained,Error rate 12,100.0
253,Jb1TNhPukqh2nEWGQvpAF4R5uQt2,Pitch,Novice,No-Music,Untrained,Error rate 7,84.61538461538461
254,Jb1TNhPukqh2nEWGQvpAF4R5uQt2,Pitch,Novice,No-Music,Untrained,Error rate 3,50.0
255,Jb1TNhPukqh2nEWGQvpAF4R5uQt2,Pitch,Novice,Music,Untrained,Error rate 12,35.714285714285715
256,Jb1TNhPukqh2nEWGQvpAF4R5uQt2,Pitch,Novice,Music,Untrained,Error rate 7,28.57142857142857
257,Jb1TNhPukqh2nEWGQvpAF4R5uQt2,Pitch,Novice,Music,Untrained,Error rate 3,0.0
258,Jb1TNhPukqh2nEWGQvpAF4R5uQt2,Pitch,Novice,No-Music,Trained,Error rate 12,21.428571428571427
259,Jb1TNhPukqh2nEWGQvpAF4R5uQt2,Pitch,Novice,No-Music,Trained,Error rate 7,14.285714285714285
260,Jb1TNhPukqh2nEWGQvpAF4R5uQt2,Pitch,Novice,No-Music,Trained,Error rate 3,0.0
261,Jb1TNhPukqh2nEWGQvpAF4R5uQt2,Pitch,Novice,Music,Trained,Error rate 12,21.428571428571427
262,Jb1TNhPukqh2nEWGQvpAF4R5uQt2,Pitch,Novice,Music,Trained,Error rate 7,14.285714285714285
263,Jb1TNhPukqh2nEWGQvpAF4R5uQt2,Pitch,Novice,Music,Trained,Error rate 3,0.0
264,Jb1TNhPukqh2nEWGQvpAF4R5uQt2,Interval,Novice,No-Music,Untrained,Error rate 12,92.85714285714286
265,Jb1TNhPukqh2nEWGQvpAF4R5uQt2,Interval,Novice,No-Music,Untrained,Error rate 7,92.85714285714286
266,Jb1TNhPukqh2nEWGQvpAF4R5uQt2,Interval,Novice,No-Music,Untrained,Error rate 3,83.33333333333334
267,Jb1TNhPukqh2nEWGQvpAF4R5uQt2,Interval,Novice,Music,Untrained,Error rate 12,14.285714285714285
268,Jb1TNhPukqh2nEWGQvpAF4R5uQt2,Interval,Novice,Music,Untrained,Error rate 7,7.142857142857142
269,Jb1TNhPukqh2nEWGQvpAF4R5uQt2,Interval,Novice,Music,Untrained,Error rate 3,0.0
270,Jb1TNhPukqh2nEWGQvpAF4R5uQt2,Interval,Novice,No-Music,Trained,Error rate 12,21.428571428571427
271,Jb1TNhPukqh2nEWGQvpAF4R5uQt2,Interval,Novice,No-Music,Trained,Error rate 7,14.285714285714285
272,Jb1TNhPukqh2nEWGQvpAF4R5uQt2,Interval,Novice,No-Music,Trained,Error rate 3,16.666666666666664
273,Jb1TNhPukqh2nEWGQvpAF4R5uQt2,Interval,Novice,Music,Trained,Error rate 12,7.6923076923076925
274,Jb1TNhPukqh2nEWGQvpAF4R5uQt2,Interval,Novice,Music,Trained,Error rate 7,0.0
275,Jb1TNhPukqh2nEWGQvpAF4R5uQt2,Interval,Novice,Music,Trained,Error rate 3,0.0
276,Jb1TNhPukqh2nEWGQvpAF4R5uQt2,Melody,Novice,No-Music,Untrained,Error rate 12,64.28571428571429
277,Jb1TNhPukqh2nEWGQvpAF4R5uQt2,Melody,Novice,No-Music,Untrained,Error rate 7,57.14285714285714
278,Jb1TNhPukqh2nEWGQvpAF4R5uQt2,Melody,Novice,No-Music,Untrained,Error rate 3,33.33333333333333
279,Jb1TNhPukqh2nEWGQvpAF4R5uQt2,Melody,Novice,Music,Untrained,Error rate 12,50.0
280,Jb1TNhPukqh2nEWGQvpAF4R5uQt2,Melody,Novice,Music,Untrained,Error rate 7,42.857142857142854
281,Jb1TNhPukqh2nEWGQvpAF4R5uQt2,Melody,Novice,Music,Untrained,Error rate 3,16.666666666666664
282,Jb1TNhPukqh2nEWGQvpAF4R5uQt2,Melody,Novice,No-Music,Trained,Error rate 12,64.28571428571429
283,Jb1TNhPukqh2nEWGQvpAF4R5uQt2,Melody,Novice,No-Music,Trained,Error rate 7,57.14285714285714
284,Jb1TNhPukqh2nEWGQvpAF4R5uQt2,Melody,Novice,No-Music,Trained,Error rate 3,16.666666666666664
285,Jb1TNhPukqh2nEWGQvpAF4R5uQt2,Melody,Novice,Music,Trained,Error rate 12,53.84615384615385
286,Jb1TNhPukqh2nEWGQvpAF4R5uQt2,Melody,Novice,Music,Trained,Error rate 7,53.84615384615385
287,Jb1TNhPukqh2nEWGQvpAF4R5uQt2,Melody,Novice,Music,Trained,Error rate 3,33.33333333333333
288,AzKqvJ3VNkYN9LgIoPiu8fehW6u2,Pitch,Intermediate,No-Music,Untrained,Error rate 12,100.0
289,AzKqvJ3VNkYN9LgIoPiu8fehW6u2,Pitch,Intermediate,No-Music,Untrained,Error rate 7,92.85714285714286
290,AzKqvJ3VNkYN9LgIoPiu8fehW6u2,Pitch,Intermediate,No-Music,Untrained,Error rate 3,83.33333333333334
291,AzKqvJ3VNkYN9LgIoPiu8fehW6u2,Pitch,Intermediate,Music,Untrained,Error rate 12,50.0
292,AzKqvJ3VNkYN9LgIoPiu8fehW6u2,Pitch,Intermediate,Music,Untrained,Error rate 7,50.0
293,AzKqvJ3VNkYN9LgIoPiu8fehW6u2,Pitch,Intermediate,Music,Untrained,Error rate 3,33.33333333333333
294,AzKqvJ3VNkYN9LgIoPiu8fehW6u2,Pitch,Intermediate,No-Music,Trained,Error rate 12,0.0
295,AzKqvJ3VNkYN9LgIoPiu8fehW6u2,Pitch,Intermediate,No-Music,Trained,Error rate 7,0.0
296,AzKqvJ3VNkYN9LgIoPiu8fehW6u2,Pitch,Intermediate,No-Music,Trained,Error rate 3,0.0
297,AzKqvJ3VNkYN9LgIoPiu8fehW6u2,Pitch,Intermediate,Music,Trained,Error rate 12,14.285714285714285
298,AzKqvJ3VNkYN9LgIoPiu8fehW6u2,Pitch,Intermediate,Music,Trained,Error rate 7,14.285714285714285
299,AzKqvJ3VNkYN9LgIoPiu8fehW6u2,Pitch,Intermediate,Music,Trained,Error rate 3,0.0
300,AzKqvJ3VNkYN9LgIoPiu8fehW6u2,Interval,Intermediate,No-Music,Untrained,Error rate 12,100.0
301,AzKqvJ3VNkYN9LgIoPiu8fehW6u2,Interval,Intermediate,No-Music,Untrained,Error rate 7,92.85714285714286
302,AzKqvJ3VNkYN9LgIoPiu8fehW6u2,Interval,Intermediate,No-Music,Untrained,Error rate 3,100.0
303,AzKqvJ3VNkYN9LgIoPiu8fehW6u2,Interval,Intermediate,Music,Untrained,Error rate 12,21.428571428571427
304,AzKqvJ3VNkYN9LgIoPiu8fehW6u2,Interval,Intermediate,Music,Untrained,Error rate 7,21.428571428571427
305,AzKqvJ3VNkYN9LgIoPiu8fehW6u2,Interval,Intermediate,Music,Untrained,Error rate 3,16.666666666666664
306,AzKqvJ3VNkYN9LgIoPiu8fehW6u2,Interval,Intermediate,No-Music,Trained,Error rate 12,14.285714285714285
307,AzKqvJ3VNkYN9LgIoPiu8fehW6u2,Interval,Intermediate,No-Music,Trained,Error rate 7,7.142857142857142
308,AzKqvJ3VNkYN9LgIoPiu8fehW6u2,Interval,Intermediate,No-Music,Trained,Error rate 3,0.0
309,AzKqvJ3VNkYN9LgIoPiu8fehW6u2,Interval,Intermediate,Music,Trained,Error rate 12,21.428571428571427
310,AzKqvJ3VNkYN9LgIoPiu8fehW6u2,Interval,Intermediate,Music,Trained,Error rate 7,21.428571428571427
311,AzKqvJ3VNkYN9LgIoPiu8fehW6u2,Interval,Intermediate,Music,Trained,Error rate 3,16.666666666666664
312,AzKqvJ3VNkYN9LgIoPiu8fehW6u2,Melody,Intermediate,No-Music,Untrained,Error rate 12,57.14285714285714
313,AzKqvJ3VNkYN9LgIoPiu8fehW6u2,Melody,Intermediate,No-Music,Untrained,Error rate 7,57.14285714285714
314,AzKqvJ3VNkYN9LgIoPiu8fehW6u2,Melody,Intermediate,No-Music,Untrained,Error rate 3,66.66666666666666
315,AzKqvJ3VNkYN9LgIoPiu8fehW6u2,Melody,Intermediate,Music,Untrained,Error rate 12,7.142857142857142
316,AzKqvJ3VNkYN9LgIoPiu8fehW6u2,Melody,Intermediate,Music,Untrained,Error rate 7,7.142857142857142
317,AzKqvJ3VNkYN9LgIoPiu8fehW6u2,Melody,Intermediate,Music,Untrained,Error rate 3,16.666666666666664
318,AzKqvJ3VNkYN9LgIoPiu8fehW6u2,Melody,Intermediate,No-Music,Trained,Error rate 12,21.428571428571427
319,AzKqvJ3VNkYN9LgIoPiu8fehW6u2,Melody,Intermediate,No-Music,Trained,Error rate 7,21.428571428571427
320,AzKqvJ3VNkYN9LgIoPiu8fehW6u2,Melody,Intermediate,No-Music,Trained,Error rate 3,0.0
321,AzKqvJ3VNkYN9LgIoPiu8fehW6u2,Melody,Intermediate,Music,Trained,Error rate 12,50.0
322,AzKqvJ3VNkYN9LgIoPiu8fehW6u2,Melody,Intermediate,Music,Trained,Error rate 7,50.0
323,AzKqvJ3VNkYN9LgIoPiu8fehW6u2,Melody,Intermediate,Music,Trained,Error rate 3,0.0
324,ICcwW9AMMqRnyMVdYdPQ0XCk1YY2,Pitch,Novice,No-Music,Untrained,Error rate 12,92.85714285714286
325,ICcwW9AMMqRnyMVdYdPQ0XCk1YY2,Pitch,Novice,No-Music,Untrained,Error rate 7,92.85714285714286
326,ICcwW9AMMqRnyMVdYdPQ0XCk1YY2,Pitch,Novice,No-Music,Untrained,Error rate 3,66.66666666666666
327,ICcwW9AMMqRnyMVdYdPQ0XCk1YY2,Pitch,Novice,Music,Untrained,Error rate 12,84.61538461538461
328,ICcwW9AMMqRnyMVdYdPQ0XCk1YY2,Pitch,Novice,Music,Untrained,Error rate 7,84.61538461538461
329,ICcwW9AMMqRnyMVdYdPQ0XCk1YY2,Pitch,Novice,Music,Untrained,Error rate 3,83.33333333333334
330,ICcwW9AMMqRnyMVdYdPQ0XCk1YY2,Pitch,Novice,No-Music,Trained,Error rate 12,42.857142857142854
331,ICcwW9AMMqRnyMVdYdPQ0XCk1YY2,Pitch,Novice,No-Music,Trained,Error rate 7,42.857142857142854
332,ICcwW9AMMqRnyMVdYdPQ0XCk1YY2,Pitch,Novice,No-Music,Trained,Error rate 3,0.0
333,ICcwW9AMMqRnyMVdYdPQ0XCk1YY2,Pitch,Novice,Music,Trained,Error rate 12,14.285714285714285
334,ICcwW9AMMqRnyMVdYdPQ0XCk1YY2,Pitch,Novice,Music,Trained,Error rate 7,14.285714285714285
335,ICcwW9AMMqRnyMVdYdPQ0XCk1YY2,Pitch,Novice,Music,Trained,Error rate 3,0.0
336,ICcwW9AMMqRnyMVdYdPQ0XCk1YY2,Interval,Novice,No-Music,Untrained,Error rate 12,21.428571428571427
337,ICcwW9AMMqRnyMVdYdPQ0XCk1YY2,Interval,Novice,No-Music,Untrained,Error rate 7,21.428571428571427
338,ICcwW9AMMqRnyMVdYdPQ0XCk1YY2,Interval,Novice,No-Music,Untrained,Error rate 3,16.666666666666664
339,ICcwW9AMMqRnyMVdYdPQ0XCk1YY2,Interval,Novice,Music,Untrained,Error rate 12,35.714285714285715
340,ICcwW9AMMqRnyMVdYdPQ0XCk1YY2,Interval,Novice,Music,Untrained,Error rate 7,35.714285714285715
341,ICcwW9AMMqRnyMVdYdPQ0XCk1YY2,Interval,Novice,Music,Untrained,Error rate 3,33.33333333333333
342,ICcwW9AMMqRnyMVdYdPQ0XCk1YY2,Interval,Novice,No-Music,Trained,Error rate 12,35.714285714285715
343,ICcwW9AMMqRnyMVdYdPQ0XCk1YY2,Interval,Novice,No-Music,Trained,Error rate 7,28.57142857142857
344,ICcwW9AMMqRnyMVdYdPQ0XCk1YY2,Interval,Novice,No-Music,Trained,Error rate 3,0.0
345,ICcwW9AMMqRnyMVdYdPQ0XCk1YY2,Interval,Novice,Music,Trained,Error rate 12,64.28571428571429
346,ICcwW9AMMqRnyMVdYdPQ0XCk1YY2,Interval,Novice,Music,Trained,Error rate 7,64.28571428571429
347,ICcwW9AMMqRnyMVdYdPQ0XCk1YY2,Interval,Novice,Music,Trained,Error rate 3,33.33333333333333
348,ICcwW9AMMqRnyMVdYdPQ0XCk1YY2,Melody,Novice,No-Music,Untrained,Error rate 12,64.28571428571429
349,ICcwW9AMMqRnyMVdYdPQ0XCk1YY2,Melody,Novice,No-Music,Untrained,Error rate 7,64.28571428571429
350,ICcwW9AMMqRnyMVdYdPQ0XCk1YY2,Melody,Novice,No-Music,Untrained,Error rate 3,66.66666666666666
351,ICcwW9AMMqRnyMVdYdPQ0XCk1YY2,Melody,Novice,Music,Untrained,Error rate 12,84.61538461538461
352,ICcwW9AMMqRnyMVdYdPQ0XCk1YY2,Melody,Novice,Music,Untrained,Error rate 7,84.61538461538461
353,ICcwW9AMMqRnyMVdYdPQ0XCk1YY2,Melody,Novice,Music,Untrained,Error rate 3,83.33333333333334
354,ICcwW9AMMqRnyMVdYdPQ0XCk1YY2,Melody,Novice,No-Music,Trained,Error rate 12,85.71428571428571
355,ICcwW9AMMqRnyMVdYdPQ0XCk1YY2,Melody,Novice,No-Music,Trained,Error rate 7,85.71428571428571
356,ICcwW9AMMqRnyMVdYdPQ0XCk1YY2,Melody,Novice,No-Music,Trained,Error rate 3,83.33333333333334
357,ICcwW9AMMqRnyMVdYdPQ0XCk1YY2,Melody,Novice,Music,Trained,Error rate 12,35.714285714285715
358,ICcwW9AMMqRnyMVdYdPQ0XCk1YY2,Melody,Novice,Music,Trained,Error rate 7,35.714285714285715
359,ICcwW9AMMqRnyMVdYdPQ0XCk1YY2,Melody,Novice,Music,Trained,Error rate 3,33.33333333333333
360,tXVIQHITYldhMqhRtVFNjfTRm333,Pitch,Intermediate,No-Music,Untrained,Error rate 12,50.0
361,tXVIQHITYldhMqhRtVFNjfTRm333,Pitch,Intermediate,No-Music,Untrained,Error rate 7,42.857142857142854
362,tXVIQHITYldhMqhRtVFNjfTRm333,Pitch,Intermediate,No-Music,Untrained,Error rate 3,16.666666666666664
363,tXVIQHITYldhMqhRtVFNjfTRm333,Pitch,Intermediate,Music,Untrained,Error rate 12,50.0
364,tXVIQHITYldhMqhRtVFNjfTRm333,Pitch,Intermediate,Music,Untrained,Error rate 7,50.0
365,tXVIQHITYldhMqhRtVFNjfTRm333,Pitch,Intermediate,Music,Untrained,Error rate 3,33.33333333333333
366,tXVIQHITYldhMqhRtVFNjfTRm333,Pitch,Intermediate,No-Music,Trained,Error rate 12,0.0
367,tXVIQHITYldhMqhRtVFNjfTRm333,Pitch,Intermediate,No-Music,Trained,Error rate 7,0.0
368,tXVIQHITYldhMqhRtVFNjfTRm333,Pitch,Intermediate,No-Music,Trained,Error rate 3,0.0
369,tXVIQHITYldhMqhRtVFNjfTRm333,Pitch,Intermediate,Music,Trained,Error rate 12,21.428571428571427
370,tXVIQHITYldhMqhRtVFNjfTRm333,Pitch,Intermediate,Music,Trained,Error rate 7,7.142857142857142
371,tXVIQHITYldhMqhRtVFNjfTRm333,Pitch,Intermediate,Music,Trained,Error rate 3,0.0
372,tXVIQHITYldhMqhRtVFNjfTRm333,Interval,Intermediate,No-Music,Untrained,Error rate 12,21.428571428571427
373,tXVIQHITYldhMqhRtVFNjfTRm333,Interval,Intermediate,No-Music,Untrained,Error rate 7,0.0
374,tXVIQHITYldhMqhRtVFNjfTRm333,Interval,Intermediate,No-Music,Untrained,Error rate 3,0.0
375,tXVIQHITYldhMqhRtVFNjfTRm333,Interval,Intermediate,Music,Untrained,Error rate 12,28.57142857142857
376,tXVIQHITYldhMqhRtVFNjfTRm333,Interval,Intermediate,Music,Untrained,Error rate 7,7.142857142857142
377,tXVIQHITYldhMqhRtVFNjfTRm333,Interval,Intermediate,Music,Untrained,Error rate 3,16.666666666666664
378,tXVIQHITYldhMqhRtVFNjfTRm333,Interval,Intermediate,No-Music,Trained,Error rate 12,57.14285714285714
379,tXVIQHITYldhMqhRtVFNjfTRm333,Interval,Intermediate,No-Music,Trained,Error rate 7,35.714285714285715
380,tXVIQHITYldhMqhRtVFNjfTRm333,Interval,Intermediate,No-Music,Trained,Error rate 3,33.33333333333333
381,tXVIQHITYldhMqhRtVFNjfTRm333,Interval,Intermediate,Music,Trained,Error rate 12,46.15384615384615
382,tXVIQHITYldhMqhRtVFNjfTRm333,Interval,Intermediate,Music,Trained,Error rate 7,46.15384615384615
383,tXVIQHITYldhMqhRtVFNjfTRm333,Interval,Intermediate,Music,Trained,Error rate 3,33.33333333333333
384,tXVIQHITYldhMqhRtVFNjfTRm333,Melody,Intermediate,No-Music,Untrained,Error rate 12,30.76923076923077
385,tXVIQHITYldhMqhRtVFNjfTRm333,Melody,Intermediate,No-Music,Untrained,Error rate 7,30.76923076923077
386,tXVIQHITYldhMqhRtVFNjfTRm333,Melody,Intermediate,No-Music,Untrained,Error rate 3,20.0
387,tXVIQHITYldhMqhRtVFNjfTRm333,Melody,Intermediate,Music,Untrained,Error rate 12,57.14285714285714
388,tXVIQHITYldhMqhRtVFNjfTRm333,Melody,Intermediate,Music,Untrained,Error rate 7,64.28571428571429
389,tXVIQHITYldhMqhRtVFNjfTRm333,Melody,Intermediate,Music,Untrained,Error rate 3,33.33333333333333
390,tXVIQHITYldhMqhRtVFNjfTRm333,Melody,Intermediate,No-Music,Trained,Error rate 12,35.714285714285715
391,tXVIQHITYldhMqhRtVFNjfTRm333,Melody,Intermediate,No-Music,Trained,Error rate 7,28.57142857142857
392,tXVIQHITYldhMqhRtVFNjfTRm333,Melody,Intermediate,No-Music,Trained,Error rate 3,0.0
393,tXVIQHITYldhMqhRtVFNjfTRm333,Melody,Intermediate,Music,Trained,Error rate 12,14.285714285714285
394,tXVIQHITYldhMqhRtVFNjfTRm333,Melody,Intermediate,Music,Trained,Error rate 7,7.142857142857142
395,tXVIQHITYldhMqhRtVFNjfTRm333,Melody,Intermediate,Music,Trained,Error rate 3,0.0
396,zbCoKgaBbNbDxw5BKsiA1NCxAaL2,Pitch,Novice,No-Music,Untrained,Error rate 12,85.71428571428571
397,zbCoKgaBbNbDxw5BKsiA1NCxAaL2,Pitch,Novice,No-Music,Untrained,Error rate 7,85.71428571428571
398,zbCoKgaBbNbDxw5BKsiA1NCxAaL2,Pitch,Novice,No-Music,Untrained,Error rate 3,66.66666666666666
399,zbCoKgaBbNbDxw5BKsiA1NCxAaL2,Pitch,Novice,Music,Untrained,Error rate 12,61.53846153846154
400,zbCoKgaBbNbDxw5BKsiA1NCxAaL2,Pitch,Novice,Music,Untrained,Error rate 7,61.53846153846154
401,zbCoKgaBbNbDxw5BKsiA1NCxAaL2,Pitch,Novice,Music,Untrained,Error rate 3,16.666666666666664
402,zbCoKgaBbNbDxw5BKsiA1NCxAaL2,Pitch,Novice,No-Music,Trained,Error rate 12,14.285714285714285
403,zbCoKgaBbNbDxw5BKsiA1NCxAaL2,Pitch,Novice,No-Music,Trained,Error rate 7,14.285714285714285
404,zbCoKgaBbNbDxw5BKsiA1NCxAaL2,Pitch,Novice,No-Music,Trained,Error rate 3,16.666666666666664
405,zbCoKgaBbNbDxw5BKsiA1NCxAaL2,Pitch,Novice,Music,Trained,Error rate 12,14.285714285714285
406,zbCoKgaBbNbDxw5BKsiA1NCxAaL2,Pitch,Novice,Music,Trained,Error rate 7,14.285714285714285
407,zbCoKgaBbNbDxw5BKsiA1NCxAaL2,Pitch,Novice,Music,Trained,Error rate 3,0.0
408,zbCoKgaBbNbDxw5BKsiA1NCxAaL2,Interval,Novice,No-Music,Untrained,Error rate 12,57.14285714285714
409,zbCoKgaBbNbDxw5BKsiA1NCxAaL2,Interval,Novice,No-Music,Untrained,Error rate 7,35.714285714285715
410,zbCoKgaBbNbDxw5BKsiA1NCxAaL2,Interval,Novice,No-Music,Untrained,Error rate 3,33.33333333333333
411,zbCoKgaBbNbDxw5BKsiA1NCxAaL2,Interval,Novice,Music,Untrained,Error rate 12,78.57142857142857
412,zbCoKgaBbNbDxw5BKsiA1NCxAaL2,Interval,Novice,Music,Untrained,Error rate 7,50.0
413,zbCoKgaBbNbDxw5BKsiA1NCxAaL2,Interval,Novice,Music,Untrained,Error rate 3,50.0
414,zbCoKgaBbNbDxw5BKsiA1NCxAaL2,Interval,Novice,No-Music,Trained,Error rate 12,28.57142857142857
415,zbCoKgaBbNbDxw5BKsiA1NCxAaL2,Interval,Novice,No-Music,Trained,Error rate 7,28.57142857142857
416,zbCoKgaBbNbDxw5BKsiA1NCxAaL2,Interval,Novice,No-Music,Trained,Error rate 3,0.0
417,zbCoKgaBbNbDxw5BKsiA1NCxAaL2,Interval,Novice,Music,Trained,Error rate 12,50.0
418,zbCoKgaBbNbDxw5BKsiA1NCxAaL2,Interval,Novice,Music,Trained,Error rate 7,50.0
419,zbCoKgaBbNbDxw5BKsiA1NCxAaL2,Interval,Novice,Music,Trained,Error rate 3,33.33333333333333
420,zbCoKgaBbNbDxw5BKsiA1NCxAaL2,Melody,Novice,No-Music,Untrained,Error rate 12,50.0
421,zbCoKgaBbNbDxw5BKsiA1NCxAaL2,Melody,Novice,No-Music,Untrained,Error rate 7,50.0
422,zbCoKgaBbNbDxw5BKsiA1NCxAaL2,Melody,Novice,No-Music,Untrained,Error rate 3,66.66666666666666
423,zbCoKgaBbNbDxw5BKsiA1NCxAaL2,Melody,Novice,Music,Untrained,Error rate 12,92.3076923076923
424,zbCoKgaBbNbDxw5BKsiA1NCxAaL2,Melody,Novice,Music,Untrained,Error rate 7,76.92307692307693
425,zbCoKgaBbNbDxw5BKsiA1NCxAaL2,Melody,Novice,Music,Untrained,Error rate 3,40.0
426,zbCoKgaBbNbDxw5BKsiA1NCxAaL2,Melody,Novice,No-Music,Trained,Error rate 12,14.285714285714285
427,zbCoKgaBbNbDxw5BKsiA1NCxAaL2,Melody,Novice,No-Music,Trained,Error rate 7,14.285714285714285
428,zbCoKgaBbNbDxw5BKsiA1NCxAaL2,Melody,Novice,No-Music,Trained,Error rate 3,0.0
429,zbCoKgaBbNbDxw5BKsiA1NCxAaL2,Melody,Novice,Music,Trained,Error rate 12,21.428571428571427
430,zbCoKgaBbNbDxw5BKsiA1NCxAaL2,Melody,Novice,Music,Trained,Error rate 7,14.285714285714285
431,zbCoKgaBbNbDxw5BKsiA1NCxAaL2,Melody,Novice,Music,Trained,Error rate 3,0.0
432,zNuGxejsczPIjpf2emxu6MomGm82,Pitch,Intermediate,No-Music,Untrained,Error rate 12,35.714285714285715
433,zNuGxejsczPIjpf2emxu6MomGm82,Pitch,Intermediate,No-Music,Untrained,Error rate 7,35.714285714285715
434,zNuGxejsczPIjpf2emxu6MomGm82,Pitch,Intermediate,No-Music,Untrained,Error rate 3,16.666666666666664
435,zNuGxejsczPIjpf2emxu6MomGm82,Pitch,Intermediate,Music,Untrained,Error rate 12,92.85714285714286
436,zNuGxejsczPIjpf2emxu6MomGm82,Pitch,Intermediate,Music,Untrained,Error rate 7,85.71428571428571
437,zNuGxejsczPIjpf2emxu6MomGm82,Pitch,Intermediate,Music,Untrained,Error rate 3,100.0
438,zNuGxejsczPIjpf2emxu6MomGm82,Pitch,Intermediate,No-Music,Trained,Error rate 12,14.285714285714285
439,zNuGxejsczPIjpf2emxu6MomGm82,Pitch,Intermediate,No-Music,Trained,Error rate 7,14.285714285714285
440,zNuGxejsczPIjpf2emxu6MomGm82,Pitch,Intermediate,No-Music,Trained,Error rate 3,16.666666666666664
441,zNuGxejsczPIjpf2emxu6MomGm82,Pitch,Intermediate,Music,Trained,Error rate 12,0.0
442,zNuGxejsczPIjpf2emxu6MomGm82,Pitch,Intermediate,Music,Trained,Error rate 7,0.0
443,zNuGxejsczPIjpf2emxu6MomGm82,Pitch,Intermediate,Music,Trained,Error rate 3,0.0
444,zNuGxejsczPIjpf2emxu6MomGm82,Interval,Intermediate,No-Music,Untrained,Error rate 12,53.84615384615385
445,zNuGxejsczPIjpf2emxu6MomGm82,Interval,Intermediate,No-Music,Untrained,Error rate 7,46.15384615384615
446,zNuGxejsczPIjpf2emxu6MomGm82,Interval,Intermediate,No-Music,Untrained,Error rate 3,33.33333333333333
447,zNuGxejsczPIjpf2emxu6MomGm82,Interval,Intermediate,Music,Untrained,Error rate 12,28.57142857142857
448,zNuGxejsczPIjpf2emxu6MomGm82,Interval,Intermediate,Music,Untrained,Error rate 7,28.57142857142857
449,zNuGxejsczPIjpf2emxu6MomGm82,Interval,Intermediate,Music,Untrained,Error rate 3,33.33333333333333
450,zNuGxejsczPIjpf2emxu6MomGm82,Interval,Intermediate,No-Music,Trained,Error rate 12,0.0
451,zNuGxejsczPIjpf2emxu6MomGm82,Interval,Intermediate,No-Music,Trained,Error rate 7,0.0
452,zNuGxejsczPIjpf2emxu6MomGm82,Interval,Intermediate,No-Music,Trained,Error rate 3,0.0
453,zNuGxejsczPIjpf2emxu6MomGm82,Interval,Intermediate,Music,Trained,Error rate 12,7.142857142857142
454,zNuGxejsczPIjpf2emxu6MomGm82,Interval,Intermediate,Music,Trained,Error rate 7,7.142857142857142
455,zNuGxejsczPIjpf2emxu6MomGm82,Interval,Intermediate,Music,Trained,Error rate 3,16.666666666666664
456,zNuGxejsczPIjpf2emxu6MomGm82,Melody,Intermediate,No-Music,Untrained,Error rate 12,14.285714285714285
457,zNuGxejsczPIjpf2emxu6MomGm82,Melody,Intermediate,No-Music,Untrained,Error rate 7,14.285714285714285
458,zNuGxejsczPIjpf2emxu6MomGm82,Melody,Intermediate,No-Music,Untrained,Error rate 3,16.666666666666664
459,zNuGxejsczPIjpf2emxu6MomGm82,Melody,Intermediate,Music,Untrained,Error rate 12,61.53846153846154
460,zNuGxejsczPIjpf2emxu6MomGm82,Melody,Intermediate,Music,Untrained,Error rate 7,61.53846153846154
461,zNuGxejsczPIjpf2emxu6MomGm82,Melody,Intermediate,Music,Untrained,Error rate 3,60.0
462,zNuGxejsczPIjpf2emxu6MomGm82,Melody,Intermediate,No-Music,Trained,Error rate 12,0.0
463,zNuGxejsczPIjpf2emxu6MomGm82,Melody,Intermediate,No-Music,Trained,Error rate 7,0.0
464,zNuGxejsczPIjpf2emxu6MomGm82,Melody,Intermediate,No-Music,Trained,Error rate 3,0.0
465,zNuGxejsczPIjpf2emxu6MomGm82,Melody,Intermediate,Music,Trained,Error rate 12,0.0
466,zNuGxejsczPIjpf2emxu6MomGm82,Melody,Intermediate,Music,Trained,Error rate 7,0.0
467,zNuGxejsczPIjpf2emxu6MomGm82,Melody,Intermediate,Music,Trained,Error rate 3,0.0
468,Z31kMWcmwlZPIBzuenXuPOjxaet2,Pitch,Novice,No-Music,Untrained,Error rate 12,57.14285714285714
469,Z31kMWcmwlZPIBzuenXuPOjxaet2,Pitch,Novice,No-Music,Untrained,Error rate 7,35.714285714285715
470,Z31kMWcmwlZPIBzuenXuPOjxaet2,Pitch,Novice,No-Music,Untrained,Error rate 3,16.666666666666664
471,Z31kMWcmwlZPIBzuenXuPOjxaet2,Pitch,Novice,Music,Untrained,Error rate 12,57.14285714285714
472,Z31kMWcmwlZPIBzuenXuPOjxaet2,Pitch,Novice,Music,Untrained,Error rate 7,50.0
473,Z31kMWcmwlZPIBzuenXuPOjxaet2,Pitch,Novice,Music,Untrained,Error rate 3,50.0
474,Z31kMWcmwlZPIBzuenXuPOjxaet2,Pitch,Novice,No-Music,Trained,Error rate 12,21.428571428571427
475,Z31kMWcmwlZPIBzuenXuPOjxaet2,Pitch,Novice,No-Music,Trained,Error rate 7,21.428571428571427
476,Z31kMWcmwlZPIBzuenXuPOjxaet2,Pitch,Novice,No-Music,Trained,Error rate 3,0.0
477,Z31kMWcmwlZPIBzuenXuPOjxaet2,Pitch,Novice,Music,Trained,Error rate 12,64.28571428571429
478,Z31kMWcmwlZPIBzuenXuPOjxaet2,Pitch,Novice,Music,Trained,Error rate 7,50.0
479,Z31kMWcmwlZPIBzuenXuPOjxaet2,Pitch,Novice,Music,Trained,Error rate 3,33.33333333333333
480,Z31kMWcmwlZPIBzuenXuPOjxaet2,Interval,Novice,No-Music,Untrained,Error rate 12,38.46153846153847
481,Z31kMWcmwlZPIBzuenXuPOjxaet2,Interval,Novice,No-Music,Untrained,Error rate 7,30.76923076923077
482,Z31kMWcmwlZPIBzuenXuPOjxaet2,Interval,Novice,No-Music,Untrained,Error rate 3,33.33333333333333
483,Z31kMWcmwlZPIBzuenXuPOjxaet2,Interval,Novice,Music,Untrained,Error rate 12,50.0
484,Z31kMWcmwlZPIBzuenXuPOjxaet2,Interval,Novice,Music,Untrained,Error rate 7,42.857142857142854
485,Z31kMWcmwlZPIBzuenXuPOjxaet2,Interval,Novice,Music,Untrained,Error rate 3,66.66666666666666
486,Z31kMWcmwlZPIBzuenXuPOjxaet2,Interval,Novice,No-Music,Trained,Error rate 12,7.142857142857142
487,Z31kMWcmwlZPIBzuenXuPOjxaet2,Interval,Novice,No-Music,Trained,Error rate 7,7.142857142857142
488,Z31kMWcmwlZPIBzuenXuPOjxaet2,Interval,Novice,No-Music,Trained,Error rate 3,16.666666666666664
489,Z31kMWcmwlZPIBzuenXuPOjxaet2,Interval,Novice,Music,Trained,Error rate 12,57.14285714285714
490,Z31kMWcmwlZPIBzuenXuPOjxaet2,Interval,Novice,Music,Trained,Error rate 7,42.857142857142854
491,Z31kMWcmwlZPIBzuenXuPOjxaet2,Interval,Novice,Music,Trained,Error rate 3,16.666666666666664
492,Z31kMWcmwlZPIBzuenXuPOjxaet2,Melody,Novice,No-Music,Untrained,Error rate 12,71.42857142857143
493,Z31kMWcmwlZPIBzuenXuPOjxaet2,Melody,Novice,No-Music,Untrained,Error rate 7,71.42857142857143
494,Z31kMWcmwlZPIBzuenXuPOjxaet2,Melody,Novice,No-Music,Untrained,Error rate 3,0.0
495,Z31kMWcmwlZPIBzuenXuPOjxaet2,Melody,Novice,Music,Untrained,Error rate 12,69.23076923076923
496,Z31kMWcmwlZPIBzuenXuPOjxaet2,Melody,Novice,Music,Untrained,Error rate 7,53.84615384615385
497,Z31kMWcmwlZPIBzuenXuPOjxaet2,Melody,Novice,Music,Untrained,Error rate 3,33.33333333333333
498,Z31kMWcmwlZPIBzuenXuPOjxaet2,Melody,Novice,No-Music,Trained,Error rate 12,28.57142857142857
499,Z31kMWcmwlZPIBzuenXuPOjxaet2,Melody,Novice,No-Music,Trained,Error rate 7,35.714285714285715
500,Z31kMWcmwlZPIBzuenXuPOjxaet2,Melody,Novice,No-Music,Trained,Error rate 3,33.33333333333333
501,Z31kMWcmwlZPIBzuenXuPOjxaet2,Melody,Novice,Music,Trained,Error rate 12,28.57142857142857
502,Z31kMWcmwlZPIBzuenXuPOjxaet2,Melody,Novice,Music,Trained,Error rate 7,35.714285714285715
503,Z31kMWcmwlZPIBzuenXuPOjxaet2,Melody,Novice,Music,Trained,Error rate 3,16.666666666666664
504,Euyc6QBkmbPLaF9bpk2JwVVgGB43,Pitch,Expert,No-Music,Untrained,Error rate 12,14.285714285714285
505,Euyc6QBkmbPLaF9bpk2JwVVgGB43,Pitch,Expert,No-Music,Untrained,Error rate 7,14.285714285714285
506,Euyc6QBkmbPLaF9bpk2JwVVgGB43,Pitch,Expert,No-Music,Untrained,Error rate 3,0.0
507,Euyc6QBkmbPLaF9bpk2JwVVgGB43,Pitch,Expert,Music,Untrained,Error rate 12,14.285714285714285
508,Euyc6QBkmbPLaF9bpk2JwVVgGB43,Pitch,Expert,Music,Untrained,Error rate 7,7.142857142857142
509,Euyc6QBkmbPLaF9bpk2JwVVgGB43,Pitch,Expert,Music,Untrained,Error rate 3,0.0
510,Euyc6QBkmbPLaF9bpk2JwVVgGB43,Pitch,Expert,No-Music,Trained,Error rate 12,21.428571428571427
511,Euyc6QBkmbPLaF9bpk2JwVVgGB43,Pitch,Expert,No-Music,Trained,Error rate 7,14.285714285714285
512,Euyc6QBkmbPLaF9bpk2JwVVgGB43,Pitch,Expert,No-Music,Trained,Error rate 3,16.666666666666664
513,Euyc6QBkmbPLaF9bpk2JwVVgGB43,Pitch,Expert,Music,Trained,Error rate 12,0.0
514,Euyc6QBkmbPLaF9bpk2JwVVgGB43,Pitch,Expert,Music,Trained,Error rate 7,0.0
515,Euyc6QBkmbPLaF9bpk2JwVVgGB43,Pitch,Expert,Music,Trained,Error rate 3,0.0
516,Euyc6QBkmbPLaF9bpk2JwVVgGB43,Interval,Expert,No-Music,Untrained,Error rate 12,14.285714285714285
517,Euyc6QBkmbPLaF9bpk2JwVVgGB43,Interval,Expert,No-Music,Untrained,Error rate 7,14.285714285714285
518,Euyc6QBkmbPLaF9bpk2JwVVgGB43,Interval,Expert,No-Music,Untrained,Error rate 3,0.0
519,Euyc6QBkmbPLaF9bpk2JwVVgGB43,Interval,Expert,Music,Untrained,Error rate 12,14.285714285714285
520,Euyc6QBkmbPLaF9bpk2JwVVgGB43,Interval,Expert,Music,Untrained,Error rate 7,21.428571428571427
521,Euyc6QBkmbPLaF9bpk2JwVVgGB43,Interval,Expert,Music,Untrained,Error rate 3,16.666666666666664
522,Euyc6QBkmbPLaF9bpk2JwVVgGB43,Interval,Expert,No-Music,Trained,Error rate 12,50.0
523,Euyc6QBkmbPLaF9bpk2JwVVgGB43,Interval,Expert,No-Music,Trained,Error rate 7,50.0
524,Euyc6QBkmbPLaF9bpk2JwVVgGB43,Interval,Expert,No-Music,Trained,Error rate 3,83.33333333333334
525,Euyc6QBkmbPLaF9bpk2JwVVgGB43,Interval,Expert,Music,Trained,Error rate 12,35.714285714285715
526,Euyc6QBkmbPLaF9bpk2JwVVgGB43,Interval,Expert,Music,Trained,Error rate 7,35.714285714285715
527,Euyc6QBkmbPLaF9bpk2JwVVgGB43,Interval,Expert,Music,Trained,Error rate 3,33.33333333333333
528,Euyc6QBkmbPLaF9bpk2JwVVgGB43,Melody,Expert,No-Music,Untrained,Error rate 12,21.428571428571427
529,Euyc6QBkmbPLaF9bpk2JwVVgGB43,Melody,Expert,No-Music,Untrained,Error rate 7,28.57142857142857
530,Euyc6QBkmbPLaF9bpk2JwVVgGB43,Melody,Expert,No-Music,Untrained,Error rate 3,0.0
531,Euyc6QBkmbPLaF9bpk2JwVVgGB43,Melody,Expert,Music,Untrained,Error rate 12,7.6923076923076925
532,Euyc6QBkmbPLaF9bpk2JwVVgGB43,Melody,Expert,Music,Untrained,Error rate 7,7.6923076923076925
533,Euyc6QBkmbPLaF9bpk2JwVVgGB43,Melody,Expert,Music,Untrained,Error rate 3,0.0
534,Euyc6QBkmbPLaF9bpk2JwVVgGB43,Melody,Expert,No-Music,Trained,Error rate 12,7.142857142857142
535,Euyc6QBkmbPLaF9bpk2JwVVgGB43,Melody,Expert,No-Music,Trained,Error rate 7,7.142857142857142
536,Euyc6QBkmbPLaF9bpk2JwVVgGB43,Melody,Expert,No-Music,Trained,Error rate 3,0.0
537,Euyc6QBkmbPLaF9bpk2JwVVgGB43,Melody,Expert,Music,Trained,Error rate 12,7.142857142857142
538,Euyc6QBkmbPLaF9bpk2JwVVgGB43,Melody,Expert,Music,Trained,Error rate 7,7.142857142857142
539,Euyc6QBkmbPLaF9bpk2JwVVgGB43,Melody,Expert,Music,Trained,Error rate 3,0.0
540,2J4nDRlVNcgNjIwp2I4uTCLJXNW2,Pitch,Intermediate,No-Music,Untrained,Error rate 12,64.28571428571429
541,2J4nDRlVNcgNjIwp2I4uTCLJXNW2,Pitch,Intermediate,No-Music,Untrained,Error rate 7,64.28571428571429
542,2J4nDRlVNcgNjIwp2I4uTCLJXNW2,Pitch,Intermediate,No-Music,Untrained,Error rate 3,50.0
543,2J4nDRlVNcgNjIwp2I4uTCLJXNW2,Pitch,Intermediate,Music,Untrained,Error rate 12,30.76923076923077
544,2J4nDRlVNcgNjIwp2I4uTCLJXNW2,Pitch,Intermediate,Music,Untrained,Error rate 7,23.076923076923077
545,2J4nDRlVNcgNjIwp2I4uTCLJXNW2,Pitch,Intermediate,Music,Untrained,Error rate 3,0.0
546,2J4nDRlVNcgNjIwp2I4uTCLJXNW2,Pitch,Intermediate,No-Music,Trained,Error rate 12,21.428571428571427
547,2J4nDRlVNcgNjIwp2I4uTCLJXNW2,Pitch,Intermediate,No-Music,Trained,Error rate 7,7.142857142857142
548,2J4nDRlVNcgNjIwp2I4uTCLJXNW2,Pitch,Intermediate,No-Music,Trained,Error rate 3,0.0
549,2J4nDRlVNcgNjIwp2I4uTCLJXNW2,Pitch,Intermediate,Music,Trained,Error rate 12,21.428571428571427
550,2J4nDRlVNcgNjIwp2I4uTCLJXNW2,Pitch,Intermediate,Music,Trained,Error rate 7,7.142857142857142
551,2J4nDRlVNcgNjIwp2I4uTCLJXNW2,Pitch,Intermediate,Music,Trained,Error rate 3,0.0
552,2J4nDRlVNcgNjIwp2I4uTCLJXNW2,Interval,Intermediate,No-Music,Untrained,Error rate 12,28.57142857142857
553,2J4nDRlVNcgNjIwp2I4uTCLJXNW2,Interval,Intermediate,No-Music,Untrained,Error rate 7,14.285714285714285
554,2J4nDRlVNcgNjIwp2I4uTCLJXNW2,Interval,Intermediate,No-Music,Untrained,Error rate 3,0.0
555,2J4nDRlVNcgNjIwp2I4uTCLJXNW2,Interval,Intermediate,Music,Untrained,Error rate 12,7.6923076923076925
556,2J4nDRlVNcgNjIwp2I4uTCLJXNW2,Interval,Intermediate,Music,Untrained,Error rate 7,7.6923076923076925
557,2J4nDRlVNcgNjIwp2I4uTCLJXNW2,Interval,Intermediate,Music,Untrained,Error rate 3,0.0
558,2J4nDRlVNcgNjIwp2I4uTCLJXNW2,Interval,Intermediate,No-Music,Trained,Error rate 12,14.285714285714285
559,2J4nDRlVNcgNjIwp2I4uTCLJXNW2,Interval,Intermediate,No-Music,Trained,Error rate 7,7.142857142857142
560,2J4nDRlVNcgNjIwp2I4uTCLJXNW2,Interval,Intermediate,No-Music,Trained,Error rate 3,0.0
561,2J4nDRlVNcgNjIwp2I4uTCLJXNW2,Interval,Intermediate,Music,Trained,Error rate 12,21.428571428571427
562,2J4nDRlVNcgNjIwp2I4uTCLJXNW2,Interval,Intermediate,Music,Trained,Error rate 7,14.285714285714285
563,2J4nDRlVNcgNjIwp2I4uTCLJXNW2,Interval,Intermediate,Music,Trained,Error rate 3,0.0
564,2J4nDRlVNcgNjIwp2I4uTCLJXNW2,Melody,Intermediate,No-Music,Untrained,Error rate 12,28.57142857142857
565,2J4nDRlVNcgNjIwp2I4uTCLJXNW2,Melody,Intermediate,No-Music,Untrained,Error rate 7,21.428571428571427
566,2J4nDRlVNcgNjIwp2I4uTCLJXNW2,Melody,Intermediate,No-Music,Untrained,Error rate 3,0.0
567,2J4nDRlVNcgNjIwp2I4uTCLJXNW2,Melody,Intermediate,Music,Untrained,Error rate 12,23.076923076923077
568,2J4nDRlVNcgNjIwp2I4uTCLJXNW2,Melody,Intermediate,Music,Untrained,Error rate 7,23.076923076923077
569,2J4nDRlVNcgNjIwp2I4uTCLJXNW2,Melody,Intermediate,Music,Untrained,Error rate 3,0.0
570,2J4nDRlVNcgNjIwp2I4uTCLJXNW2,Melody,Intermediate,No-Music,Trained,Error rate 12,28.57142857142857
571,2J4nDRlVNcgNjIwp2I4uTCLJXNW2,Melody,Intermediate,No-Music,Trained,Error rate 7,21.428571428571427
572,2J4nDRlVNcgNjIwp2I4uTCLJXNW2,Melody,Intermediate,No-Music,Trained,Error rate 3,0.0
573,2J4nDRlVNcgNjIwp2I4uTCLJXNW2,Melody,Intermediate,Music,Trained,Error rate 12,28.57142857142857
574,2J4nDRlVNcgNjIwp2I4uTCLJXNW2,Melody,Intermediate,Music,Trained,Error rate 7,21.428571428571427
575,2J4nDRlVNcgNjIwp2I4uTCLJXNW2,Melody,Intermediate,Music,Trained,Error rate 3,16.666666666666664
576,wZ6tGHxzM8hz5kkiAtfI7acaBe12,Pitch,Expert,No-Music,Untrained,Error rate 12,69.23076923076923
577,wZ6tGHxzM8hz5kkiAtfI7acaBe12,Pitch,Expert,No-Music,Untrained,Error rate 7,69.23076923076923
578,wZ6tGHxzM8hz5kkiAtfI7acaBe12,Pitch,Expert,No-Music,Untrained,Error rate 3,60.0
579,wZ6tGHxzM8hz5kkiAtfI7acaBe12,Pitch,Expert,Music,Untrained,Error rate 12,71.42857142857143
580,wZ6tGHxzM8hz5kkiAtfI7acaBe12,Pitch,Expert,Music,Untrained,Error rate 7,64.28571428571429
581,wZ6tGHxzM8hz5kkiAtfI7acaBe12,Pitch,Expert,Music,Untrained,Error rate 3,33.33333333333333
582,wZ6tGHxzM8hz5kkiAtfI7acaBe12,Pitch,Expert,No-Music,Trained,Error rate 12,0.0
583,wZ6tGHxzM8hz5kkiAtfI7acaBe12,Pitch,Expert,No-Music,Trained,Error rate 7,0.0
584,wZ6tGHxzM8hz5kkiAtfI7acaBe12,Pitch,Expert,No-Music,Trained,Error rate 3,0.0
585,wZ6tGHxzM8hz5kkiAtfI7acaBe12,Pitch,Expert,Music,Trained,Error rate 12,0.0
586,wZ6tGHxzM8hz5kkiAtfI7acaBe12,Pitch,Expert,Music,Trained,Error rate 7,0.0
587,wZ6tGHxzM8hz5kkiAtfI7acaBe12,Pitch,Expert,Music,Trained,Error rate 3,0.0
588,wZ6tGHxzM8hz5kkiAtfI7acaBe12,Interval,Expert,No-Music,Untrained,Error rate 12,7.6923076923076925
589,wZ6tGHxzM8hz5kkiAtfI7acaBe12,Interval,Expert,No-Music,Untrained,Error rate 7,0.0
590,wZ6tGHxzM8hz5kkiAtfI7acaBe12,Interval,Expert,No-Music,Untrained,Error rate 3,0.0
591,wZ6tGHxzM8hz5kkiAtfI7acaBe12,Interval,Expert,Music,Untrained,Error rate 12,7.142857142857142
592,wZ6tGHxzM8hz5kkiAtfI7acaBe12,Interval,Expert,Music,Untrained,Error rate 7,0.0
593,wZ6tGHxzM8hz5kkiAtfI7acaBe12,Interval,Expert,Music,Untrained,Error rate 3,0.0
594,wZ6tGHxzM8hz5kkiAtfI7acaBe12,Interval,Expert,No-Music,Trained,Error rate 12,14.285714285714285
595,wZ6tGHxzM8hz5kkiAtfI7acaBe12,Interval,Expert,No-Music,Trained,Error rate 7,7.142857142857142
596,wZ6tGHxzM8hz5kkiAtfI7acaBe12,Interval,Expert,No-Music,Trained,Error rate 3,0.0
597,wZ6tGHxzM8hz5kkiAtfI7acaBe12,Interval,Expert,Music,Trained,Error rate 12,7.142857142857142
598,wZ6tGHxzM8hz5kkiAtfI7acaBe12,Interval,Expert,Music,Trained,Error rate 7,7.142857142857142
599,wZ6tGHxzM8hz5kkiAtfI7acaBe12,Interval,Expert,Music,Trained,Error rate 3,0.0
600,wZ6tGHxzM8hz5kkiAtfI7acaBe12,Melody,Expert,No-Music,Untrained,Error rate 12,21.428571428571427
601,wZ6tGHxzM8hz5kkiAtfI7acaBe12,Melody,Expert,No-Music,Untrained,Error rate 7,21.428571428571427
602,wZ6tGHxzM8hz5kkiAtfI7acaBe12,Melody,Expert,No-Music,Untrained,Error rate 3,16.666666666666664
603,wZ6tGHxzM8hz5kkiAtfI7acaBe12,Melody,Expert,Music,Untrained,Error rate 12,7.142857142857142
604,wZ6tGHxzM8hz5kkiAtfI7acaBe12,Melody,Expert,Music,Untrained,Error rate 7,7.142857142857142
605,wZ6tGHxzM8hz5kkiAtfI7acaBe12,Melody,Expert,Music,Untrained,Error rate 3,0.0
606,wZ6tGHxzM8hz5kkiAtfI7acaBe12,Melody,Expert,No-Music,Trained,Error rate 12,0.0
607,wZ6tGHxzM8hz5kkiAtfI7acaBe12,Melody,Expert,No-Music,Trained,Error rate 7,0.0
608,wZ6tGHxzM8hz5kkiAtfI7acaBe12,Melody,Expert,No-Music,Trained,Error rate 3,0.0
609,wZ6tGHxzM8hz5kkiAtfI7acaBe12,Melody,Expert,Music,Trained,Error rate 12,7.142857142857142
610,wZ6tGHxzM8hz5kkiAtfI7acaBe12,Melody,Expert,Music,Trained,Error rate 7,7.142857142857142
611,wZ6tGHxzM8hz5kkiAtfI7acaBe12,Melody,Expert,Music,Trained,Error rate 3,16.666666666666664
612,afuxcE0uc6NrDO8XASgRVK4zPBZ2,Pitch,Intermediate,No-Music,Untrained,Error rate 12,71.42857142857143
613,afuxcE0uc6NrDO8XASgRVK4zPBZ2,Pitch,Intermediate,No-Music,Untrained,Error rate 7,50.0
614,afuxcE0uc6NrDO8XASgRVK4zPBZ2,Pitch,Intermediate,No-Music,Untrained,Error rate 3,33.33333333333333
615,afuxcE0uc6NrDO8XASgRVK4zPBZ2,Pitch,Intermediate,Music,Untrained,Error rate 12,21.428571428571427
616,afuxcE0uc6NrDO8XASgRVK4zPBZ2,Pitch,Intermediate,Music,Untrained,Error rate 7,21.428571428571427
617,afuxcE0uc6NrDO8XASgRVK4zPBZ2,Pitch,Intermediate,Music,Untrained,Error rate 3,0.0
618,afuxcE0uc6NrDO8XASgRVK4zPBZ2,Pitch,Intermediate,No-Music,Trained,Error rate 12,28.57142857142857
619,afuxcE0uc6NrDO8XASgRVK4zPBZ2,Pitch,Intermediate,No-Music,Trained,Error rate 7,14.285714285714285
620,afuxcE0uc6NrDO8XASgRVK4zPBZ2,Pitch,Intermediate,No-Music,Trained,Error rate 3,0.0
621,afuxcE0uc6NrDO8XASgRVK4zPBZ2,Pitch,Intermediate,Music,Trained,Error rate 12,0.0
622,afuxcE0uc6NrDO8XASgRVK4zPBZ2,Pitch,Intermediate,Music,Trained,Error rate 7,0.0
623,afuxcE0uc6NrDO8XASgRVK4zPBZ2,Pitch,Intermediate,Music,Trained,Error rate 3,0.0
624,afuxcE0uc6NrDO8XASgRVK4zPBZ2,Interval,Intermediate,No-Music,Untrained,Error rate 12,57.14285714285714
625,afuxcE0uc6NrDO8XASgRVK4zPBZ2,Interval,Intermediate,No-Music,Untrained,Error rate 7,42.857142857142854
626,afuxcE0uc6NrDO8XASgRVK4zPBZ2,Interval,Intermediate,No-Music,Untrained,Error rate 3,50.0
627,afuxcE0uc6NrDO8XASgRVK4zPBZ2,Interval,Intermediate,Music,Untrained,Error rate 12,69.23076923076923
628,afuxcE0uc6NrDO8XASgRVK4zPBZ2,Interval,Intermediate,Music,Untrained,Error rate 7,61.53846153846154
629,afuxcE0uc6NrDO8XASgRVK4zPBZ2,Interval,Intermediate,Music,Untrained,Error rate 3,33.33333333333333
630,afuxcE0uc6NrDO8XASgRVK4zPBZ2,Interval,Intermediate,No-Music,Trained,Error rate 12,14.285714285714285
631,afuxcE0uc6NrDO8XASgRVK4zPBZ2,Interval,Intermediate,No-Music,Trained,Error rate 7,14.285714285714285
632,afuxcE0uc6NrDO8XASgRVK4zPBZ2,Interval,Intermediate,No-Music,Trained,Error rate 3,0.0
633,afuxcE0uc6NrDO8XASgRVK4zPBZ2,Interval,Intermediate,Music,Trained,Error rate 12,35.714285714285715
634,afuxcE0uc6NrDO8XASgRVK4zPBZ2,Interval,Intermediate,Music,Trained,Error rate 7,28.57142857142857
635,afuxcE0uc6NrDO8XASgRVK4zPBZ2,Interval,Intermediate,Music,Trained,Error rate 3,0.0
636,afuxcE0uc6NrDO8XASgRVK4zPBZ2,Melody,Intermediate,No-Music,Untrained,Error rate 12,7.142857142857142
637,afuxcE0uc6NrDO8XASgRVK4zPBZ2,Melody,Intermediate,No-Music,Untrained,Error rate 7,7.142857142857142
638,afuxcE0uc6NrDO8XASgRVK4zPBZ2,Melody,Intermediate,No-Music,Untrained,Error rate 3,0.0
639,afuxcE0uc6NrDO8XASgRVK4zPBZ2,Melody,Intermediate,Music,Untrained,Error rate 12,46.15384615384615
640,afuxcE0uc6NrDO8XASgRVK4zPBZ2,Melody,Intermediate,Music,Untrained,Error rate 7,46.15384615384615
641,afuxcE0uc6NrDO8XASgRVK4zPBZ2,Melody,Intermediate,Music,Untrained,Error rate 3,20.0
642,afuxcE0uc6NrDO8XASgRVK4zPBZ2,Melody,Intermediate,No-Music,Trained,Error rate 12,7.142857142857142
643,afuxcE0uc6NrDO8XASgRVK4zPBZ2,Melody,Intermediate,No-Music,Trained,Error rate 7,14.285714285714285
644,afuxcE0uc6NrDO8XASgRVK4zPBZ2,Melody,Intermediate,No-Music,Trained,Error rate 3,0.0
645,afuxcE0uc6NrDO8XASgRVK4zPBZ2,Melody,Intermediate,Music,Trained,Error rate 12,14.285714285714285
646,afuxcE0uc6NrDO8XASgRVK4zPBZ2,Melody,Intermediate,Music,Trained,Error rate 7,14.285714285714285
647,afuxcE0uc6NrDO8XASgRVK4zPBZ2,Melody,Intermediate,Music,Trained,Error rate 3,0.0
648,NXZSUcmsVQWmtQhsDAc8nA9qZZs1,Pitch,Novice,No-Music,Untrained,Error rate 12,85.71428571428571
649,NXZSUcmsVQWmtQhsDAc8nA9qZZs1,Pitch,Novice,No-Music,Untrained,Error rate 7,78.57142857142857
650,NXZSUcmsVQWmtQhsDAc8nA9qZZs1,Pitch,Novice,No-Music,Untrained,Error rate 3,33.33333333333333
651,NXZSUcmsVQWmtQhsDAc8nA9qZZs1,Pitch,Novice,Music,Untrained,Error rate 12,38.46153846153847
652,NXZSUcmsVQWmtQhsDAc8nA9qZZs1,Pitch,Novice,Music,Untrained,Error rate 7,38.46153846153847
653,NXZSUcmsVQWmtQhsDAc8nA9qZZs1,Pitch,Novice,Music,Untrained,Error rate 3,20.0
654,NXZSUcmsVQWmtQhsDAc8nA9qZZs1,Pitch,Novice,No-Music,Trained,Error rate 12,85.71428571428571
655,NXZSUcmsVQWmtQhsDAc8nA9qZZs1,Pitch,Novice,No-Music,Trained,Error rate 7,57.14285714285714
656,NXZSUcmsVQWmtQhsDAc8nA9qZZs1,Pitch,Novice,No-Music,Trained,Error rate 3,50.0
657,NXZSUcmsVQWmtQhsDAc8nA9qZZs1,Pitch,Novice,Music,Trained,Error rate 12,57.14285714285714
658,NXZSUcmsVQWmtQhsDAc8nA9qZZs1,Pitch,Novice,Music,Trained,Error rate 7,57.14285714285714
659,NXZSUcmsVQWmtQhsDAc8nA9qZZs1,Pitch,Novice,Music,Trained,Error rate 3,66.66666666666666
660,NXZSUcmsVQWmtQhsDAc8nA9qZZs1,Interval,Novice,No-Music,Untrained,Error rate 12,85.71428571428571
661,NXZSUcmsVQWmtQhsDAc8nA9qZZs1,Interval,Novice,No-Music,Untrained,Error rate 7,78.57142857142857
662,NXZSUcmsVQWmtQhsDAc8nA9qZZs1,Interval,Novice,No-Music,Untrained,Error rate 3,66.66666666666666
663,NXZSUcmsVQWmtQhsDAc8nA9qZZs1,Interval,Novice,Music,Untrained,Error rate 12,64.28571428571429
664,NXZSUcmsVQWmtQhsDAc8nA9qZZs1,Interval,Novice,Music,Untrained,Error rate 7,64.28571428571429
665,NXZSUcmsVQWmtQhsDAc8nA9qZZs1,Interval,Novice,Music,Untrained,Error rate 3,50.0
666,NXZSUcmsVQWmtQhsDAc8nA9qZZs1,Interval,Novice,No-Music,Trained,Error rate 12,0.0
667,NXZSUcmsVQWmtQhsDAc8nA9qZZs1,Interval,Novice,No-Music,Trained,Error rate 7,0.0
668,NXZSUcmsVQWmtQhsDAc8nA9qZZs1,Interval,Novice,No-Music,Trained,Error rate 3,0.0
669,NXZSUcmsVQWmtQhsDAc8nA9qZZs1,Interval,Novice,Music,Trained,Error rate 12,21.428571428571427
670,NXZSUcmsVQWmtQhsDAc8nA9qZZs1,Interval,Novice,Music,Trained,Error rate 7,21.428571428571427
671,NXZSUcmsVQWmtQhsDAc8nA9qZZs1,Interval,Novice,Music,Trained,Error rate 3,16.666666666666664
672,NXZSUcmsVQWmtQhsDAc8nA9qZZs1,Melody,Novice,No-Music,Untrained,Error rate 12,28.57142857142857
673,NXZSUcmsVQWmtQhsDAc8nA9qZZs1,Melody,Novice,No-Music,Untrained,Error rate 7,28.57142857142857
674,NXZSUcmsVQWmtQhsDAc8nA9qZZs1,Melody,Novice,No-Music,Untrained,Error rate 3,0.0
675,NXZSUcmsVQWmtQhsDAc8nA9qZZs1,Melody,Novice,Music,Untrained,Error rate 12,64.28571428571429
676,NXZSUcmsVQWmtQhsDAc8nA9qZZs1,Melody,Novice,Music,Untrained,Error rate 7,64.28571428571429
677,NXZSUcmsVQWmtQhsDAc8nA9qZZs1,Melody,Novice,Music,Untrained,Error rate 3,50.0
678,NXZSUcmsVQWmtQhsDAc8nA9qZZs1,Melody,Novice,No-Music,Trained,Error rate 12,78.57142857142857
679,NXZSUcmsVQWmtQhsDAc8nA9qZZs1,Melody,Novice,No-Music,Trained,Error rate 7,78.57142857142857
680,NXZSUcmsVQWmtQhsDAc8nA9qZZs1,Melody,Novice,No-Music,Trained,Error rate 3,66.66666666666666
681,NXZSUcmsVQWmtQhsDAc8nA9qZZs1,Melody,Novice,Music,Trained,Error rate 12,84.61538461538461
682,NXZSUcmsVQWmtQhsDAc8nA9qZZs1,Melody,Novice,Music,Trained,Error rate 7,84.61538461538461
683,NXZSUcmsVQWmtQhsDAc8nA9qZZs1,Melody,Novice,Music,Trained,Error rate 3,40.0
684,mNy8hOQrzjaIYD6r1OPQJQBafA32,Pitch,Novice,No-Music,Untrained,Error rate 12,100.0
685,mNy8hOQrzjaIYD6r1OPQJQBafA32,Pitch,Novice,No-Music,Untrained,Error rate 7,92.3076923076923
686,mNy8hOQrzjaIYD6r1OPQJQBafA32,Pitch,Novice,No-Music,Untrained,Error rate 3,100.0
687,mNy8hOQrzjaIYD6r1OPQJQBafA32,Pitch,Novice,Music,Untrained,Error rate 12,64.28571428571429
688,mNy8hOQrzjaIYD6r1OPQJQBafA32,Pitch,Novice,Music,Untrained,Error rate 7,64.28571428571429
689,mNy8hOQrzjaIYD6r1OPQJQBafA32,Pitch,Novice,Music,Untrained,Error rate 3,66.66666666666666
690,mNy8hOQrzjaIYD6r1OPQJQBafA32,Pitch,Novice,No-Music,Trained,Error rate 12,78.57142857142857
691,mNy8hOQrzjaIYD6r1OPQJQBafA32,Pitch,Novice,No-Music,Trained,Error rate 7,71.42857142857143
692,mNy8hOQrzjaIYD6r1OPQJQBafA32,Pitch,Novice,No-Music,Trained,Error rate 3,66.66666666666666
693,mNy8hOQrzjaIYD6r1OPQJQBafA32,Pitch,Novice,Music,Trained,Error rate 12,92.85714285714286
694,mNy8hOQrzjaIYD6r1OPQJQBafA32,Pitch,Novice,Music,Trained,Error rate 7,85.71428571428571
695,mNy8hOQrzjaIYD6r1OPQJQBafA32,Pitch,Novice,Music,Trained,Error rate 3,33.33333333333333
696,mNy8hOQrzjaIYD6r1OPQJQBafA32,Interval,Novice,No-Music,Untrained,Error rate 12,100.0
697,mNy8hOQrzjaIYD6r1OPQJQBafA32,Interval,Novice,No-Music,Untrained,Error rate 7,100.0
698,mNy8hOQrzjaIYD6r1OPQJQBafA32,Interval,Novice,No-Music,Untrained,Error rate 3,100.0
699,mNy8hOQrzjaIYD6r1OPQJQBafA32,Interval,Novice,Music,Untrained,Error rate 12,100.0
700,mNy8hOQrzjaIYD6r1OPQJQBafA32,Interval,Novice,Music,Untrained,Error rate 7,100.0
701,mNy8hOQrzjaIYD6r1OPQJQBafA32,Interval,Novice,Music,Untrained,Error rate 3,100.0
702,mNy8hOQrzjaIYD6r1OPQJQBafA32,Interval,Novice,No-Music,Trained,Error rate 12,42.857142857142854
703,mNy8hOQrzjaIYD6r1OPQJQBafA32,Interval,Novice,No-Music,Trained,Error rate 7,42.857142857142854
704,mNy8hOQrzjaIYD6r1OPQJQBafA32,Interval,Novice,No-Music,Trained,Error rate 3,16.666666666666664
705,mNy8hOQrzjaIYD6r1OPQJQBafA32,Interval,Novice,Music,Trained,Error rate 12,28.57142857142857
706,mNy8hOQrzjaIYD6r1OPQJQBafA32,Interval,Novice,Music,Trained,Error rate 7,21.428571428571427
707,mNy8hOQrzjaIYD6r1OPQJQBafA32,Interval,Novice,Music,Trained,Error rate 3,16.666666666666664
708,mNy8hOQrzjaIYD6r1OPQJQBafA32,Melody,Novice,No-Music,Untrained,Error rate 12,35.714285714285715
709,mNy8hOQrzjaIYD6r1OPQJQBafA32,Melody,Novice,No-Music,Untrained,Error rate 7,42.857142857142854
710,mNy8hOQrzjaIYD6r1OPQJQBafA32,Melody,Novice,No-Music,Untrained,Error rate 3,0.0
711,mNy8hOQrzjaIYD6r1OPQJQBafA32,Melody,Novice,Music,Untrained,Error rate 12,78.57142857142857
712,mNy8hOQrzjaIYD6r1OPQJQBafA32,Melody,Novice,Music,Untrained,Error rate 7,78.57142857142857
713,mNy8hOQrzjaIYD6r1OPQJQBafA32,Melody,Novice,Music,Untrained,Error rate 3,50.0
714,mNy8hOQrzjaIYD6r1OPQJQBafA32,Melody,Novice,No-Music,Trained,Error rate 12,14.285714285714285
715,mNy8hOQrzjaIYD6r1OPQJQBafA32,Melody,Novice,No-Music,Trained,Error rate 7,21.428571428571427
716,mNy8hOQrzjaIYD6r1OPQJQBafA32,Melody,Novice,No-Music,Trained,Error rate 3,0.0
717,mNy8hOQrzjaIYD6r1OPQJQBafA32,Melody,Novice,Music,Trained,Error rate 12,21.428571428571427
718,mNy8hOQrzjaIYD6r1OPQJQBafA32,Melody,Novice,Music,Trained,Error rate 7,21.428571428571427
719,mNy8hOQrzjaIYD6r1OPQJQBafA32,Melody,Novice,Music,Trained,Error rate 3,0.0
720,RIneOAfWA6POfHcHOoYEDG1BF6T2,Pitch,Expert,No-Music,Untrained,Error rate 12,28.57142857142857
721,RIneOAfWA6POfHcHOoYEDG1BF6T2,Pitch,Expert,No-Music,Untrained,Error rate 7,14.285714285714285
722,RIneOAfWA6POfHcHOoYEDG1BF6T2,Pitch,Expert,No-Music,Untrained,Error rate 3,0.0
723,RIneOAfWA6POfHcHOoYEDG1BF6T2,Pitch,Expert,Music,Untrained,Error rate 12,35.714285714285715
724,RIneOAfWA6POfHcHOoYEDG1BF6T2,Pitch,Expert,Music,Untrained,Error rate 7,28.57142857142857
725,RIneOAfWA6POfHcHOoYEDG1BF6T2,Pitch,Expert,Music,Untrained,Error rate 3,33.33333333333333
726,RIneOAfWA6POfHcHOoYEDG1BF6T2,Pitch,Expert,No-Music,Trained,Error rate 12,0.0
727,RIneOAfWA6POfHcHOoYEDG1BF6T2,Pitch,Expert,No-Music,Trained,Error rate 7,0.0
728,RIneOAfWA6POfHcHOoYEDG1BF6T2,Pitch,Expert,No-Music,Trained,Error rate 3,0.0
729,RIneOAfWA6POfHcHOoYEDG1BF6T2,Pitch,Expert,Music,Trained,Error rate 12,0.0
730,RIneOAfWA6POfHcHOoYEDG1BF6T2,Pitch,Expert,Music,Trained,Error rate 7,0.0
731,RIneOAfWA6POfHcHOoYEDG1BF6T2,Pitch,Expert,Music,Trained,Error rate 3,0.0
732,RIneOAfWA6POfHcHOoYEDG1BF6T2,Interval,Expert,No-Music,Untrained,Error rate 12,28.57142857142857
733,RIneOAfWA6POfHcHOoYEDG1BF6T2,Interval,Expert,No-Music,Untrained,Error rate 7,28.57142857142857
734,RIneOAfWA6POfHcHOoYEDG1BF6T2,Interval,Expert,No-Music,Untrained,Error rate 3,33.33333333333333
735,RIneOAfWA6POfHcHOoYEDG1BF6T2,Interval,Expert,Music,Untrained,Error rate 12,14.285714285714285
736,RIneOAfWA6POfHcHOoYEDG1BF6T2,Interval,Expert,Music,Untrained,Error rate 7,7.142857142857142
737,RIneOAfWA6POfHcHOoYEDG1BF6T2,Interval,Expert,Music,Untrained,Error rate 3,0.0
738,RIneOAfWA6POfHcHOoYEDG1BF6T2,Interval,Expert,No-Music,Trained,Error rate 12,7.6923076923076925
739,RIneOAfWA6POfHcHOoYEDG1BF6T2,Interval,Expert,No-Music,Trained,Error rate 7,7.6923076923076925
740,RIneOAfWA6POfHcHOoYEDG1BF6T2,Interval,Expert,No-Music,Trained,Error rate 3,16.666666666666664
741,RIneOAfWA6POfHcHOoYEDG1BF6T2,Interval,Expert,Music,Trained,Error rate 12,7.142857142857142
742,RIneOAfWA6POfHcHOoYEDG1BF6T2,Interval,Expert,Music,Trained,Error rate 7,7.142857142857142
743,RIneOAfWA6POfHcHOoYEDG1BF6T2,Interval,Expert,Music,Trained,Error rate 3,16.666666666666664
744,RIneOAfWA6POfHcHOoYEDG1BF6T2,Melody,Expert,No-Music,Untrained,Error rate 12,7.6923076923076925
745,RIneOAfWA6POfHcHOoYEDG1BF6T2,Melody,Expert,No-Music,Untrained,Error rate 7,7.6923076923076925
746,RIneOAfWA6POfHcHOoYEDG1BF6T2,Melody,Expert,No-Music,Untrained,Error rate 3,0.0
747,RIneOAfWA6POfHcHOoYEDG1BF6T2,Melody,Expert,Music,Untrained,Error rate 12,28.57142857142857
748,RIneOAfWA6POfHcHOoYEDG1BF6T2,Melody,Expert,Music,Untrained,Error rate 7,28.57142857142857
749,RIneOAfWA6POfHcHOoYEDG1BF6T2,Melody,Expert,Music,Untrained,Error rate 3,0.0
750,RIneOAfWA6POfHcHOoYEDG1BF6T2,Melody,Expert,No-Music,Trained,Error rate 12,0.0
751,RIneOAfWA6POfHcHOoYEDG1BF6T2,Melody,Expert,No-Music,Trained,Error rate 7,0.0
752,RIneOAfWA6POfHcHOoYEDG1BF6T2,Melody,Expert,No-Music,Trained,Error rate 3,0.0
753,RIneOAfWA6POfHcHOoYEDG1BF6T2,Melody,Expert,Music,Trained,Error rate 12,7.142857142857142
754,RIneOAfWA6POfHcHOoYEDG1BF6T2,Melody,Expert,Music,Trained,Error rate 7,7.142857142857142
755,RIneOAfWA6POfHcHOoYEDG1BF6T2,Melody,Expert,Music,Trained,Error rate 3,0.0
